leonberger_59,0,0,0,0
wheaten_terrier_126,1,1,1,1
Ragdoll_77,0,0,0,1
leonberger_66,0,0,0,1
Ragdoll_146,1,1,1,1
Sphynx_82,0,0,0,1
american_pit_bull_terrier_99,1,1,1,1
Sphynx_133,1,1,1,1
scottish_terrier_41,0,0,0,1
British_Shorthair_42,1,0,0,0
staffordshire_bull_terrier_53,1,1,1,1
english_setter_120,1,1,1,1
keeshond_53,0,0,0,0
american_pit_bull_terrier_158,0,0,0,1
american_bulldog_54,1,1,1,1
japanese_chin_53,0,0,0,0
basset_hound_192,0,0,0,0
shiba_inu_121,1,1,1,1
basset_hound_176,1,1,1,1
beagle_135,1,1,1,1
Ragdoll_143,0,1,1,0
boxer_103,1,1,1,1
keeshond_132,0,0,0,0
chihuahua_77,1,1,1,1
chihuahua_146,1,0,0,0
leonberger_86,1,1,1,1
wheaten_terrier_142,0,1,1,1
english_setter_63,0,0,0,0
wheaten_terrier_127,1,1,1,1
Sphynx_193,0,1,1,1
Egyptian_Mau_105,0,0,0,1
german_shorthaired_160,1,1,1,1
British_Shorthair_173,0,1,1,1
Abyssinian_99,0,0,0,0
pomeranian_154,0,0,0,0
miniature_pinscher_78,0,0,0,0
Persian_2,0,0,0,0
Russian_Blue_151,1,1,1,1
shiba_inu_114,1,1,1,1
basset_hound_167,0,0,0,1
Maine_Coon_103,0,0,0,0
pomeranian_123,0,0,0,1
Russian_Blue_129,1,1,1,1
basset_hound_24,0,0,0,0
basset_hound_193,1,0,0,1
miniature_pinscher_199,0,0,0,0
Birman_40,0,1,1,0
japanese_chin_115,1,1,1,1
miniature_pinscher_47,1,0,0,0
Bengal_6,1,1,1,1
scottish_terrier_54,0,0,0,0
wheaten_terrier_128,0,0,0,0
scottish_terrier_144,0,1,1,1
Siamese_210,0,1,1,1
beagle_95,1,1,1,1
boxer_62,1,1,1,1
havanese_192,0,0,0,0
Russian_Blue_111,0,1,1,1
Abyssinian_7,1,1,1,1
miniature_pinscher_109,0,0,0,0
pomeranian_185,1,1,1,0
Abyssinian_142,0,1,1,0
basset_hound_83,1,0,0,1
english_setter_20,1,0,0,1
Persian_193,1,1,1,0
Egyptian_Mau_154,1,0,0,1
newfoundland_148,0,0,1,1
Bombay_139,0,0,0,0
keeshond_142,1,1,1,1
Maine_Coon_138,1,1,1,1
wheaten_terrier_113,0,0,0,0
miniature_pinscher_49,0,0,0,0
english_cocker_spaniel_198,1,1,1,1
newfoundland_37,1,1,1,1
basset_hound_8,1,0,0,1
Ragdoll_201,1,1,1,1
pug_63,1,0,0,0
havanese_116,0,0,0,1
great_pyrenees_45,1,1,1,1
Siamese_106,1,0,1,0
newfoundland_73,1,0,0,1
american_pit_bull_terrier_204,0,0,0,1
pug_192,0,0,0,0
Egyptian_Mau_3,1,1,1,1
pug_129,0,0,0,0
British_Shorthair_268,1,0,0,1
yorkshire_terrier_130,0,0,0,1
american_pit_bull_terrier_132,0,0,0,0
american_bulldog_177,1,0,1,1
leonberger_111,1,1,1,0
chihuahua_13,1,1,1,1
Siamese_194,1,1,1,1
Siamese_167,0,0,0,0
newfoundland_39,0,0,1,1
samoyed_151,1,1,1,1
Bengal_59,0,0,0,1
Russian_Blue_211,1,1,1,1
japanese_chin_96,0,0,0,0
american_pit_bull_terrier_19,1,0,0,1
Ragdoll_105,1,0,0,0
miniature_pinscher_112,1,0,0,0
english_setter_78,0,0,0,0
boxer_69,1,1,1,1
Maine_Coon_37,0,0,0,1
Abyssinian_168,1,1,1,1
Persian_221,1,1,1,1
yorkshire_terrier_101,0,0,0,1
British_Shorthair_198,1,1,1,0
staffordshire_bull_terrier_66,1,1,1,1
american_bulldog_91,0,1,0,0
staffordshire_bull_terrier_98,1,1,1,1
wheaten_terrier_28,1,0,0,1
pug_185,0,0,0,0
newfoundland_27,1,1,1,1
Persian_201,0,0,0,0
Egyptian_Mau_155,1,1,1,1
samoyed_40,1,1,1,1
pug_149,1,0,0,0
american_pit_bull_terrier_110,0,0,0,0
boxer_155,1,1,1,1
Persian_91,1,0,1,1
Abyssinian_78,1,1,1,1
wheaten_terrier_106,0,0,0,1
english_cocker_spaniel_100,1,1,1,1
pomeranian_149,0,0,0,1
beagle_73,1,1,1,1
chihuahua_125,0,0,0,0
samoyed_150,1,1,1,1
Russian_Blue_161,0,0,0,0
german_shorthaired_57,1,1,1,1
shiba_inu_66,0,0,0,0
newfoundland_6,1,1,1,1
keeshond_129,1,1,1,1
pomeranian_64,0,0,0,0
Birman_29,1,1,1,1
german_shorthaired_159,1,1,1,1
Russian_Blue_162,0,1,0,1
english_setter_102,1,1,1,1
Persian_104,1,0,0,1
havanese_59,1,0,0,0
staffordshire_bull_terrier_54,0,0,0,0
german_shorthaired_174,0,1,0,1
Maine_Coon_39,0,0,0,1
Ragdoll_110,1,1,1,1
British_Shorthair_119,0,1,0,0
german_shorthaired_49,1,1,1,1
Persian_59,1,0,0,1
great_pyrenees_142,1,1,1,1
miniature_pinscher_51,1,1,1,0
Egyptian_Mau_29,1,1,1,1
Egyptian_Mau_176,1,1,0,0
english_cocker_spaniel_125,1,0,0,1
Siamese_204,0,1,1,1
Bombay_210,0,0,0,1
Bengal_23,0,1,1,1
Bengal_127,1,1,1,1
miniature_pinscher_147,0,0,0,0
great_pyrenees_182,1,1,1,1
beagle_186,1,1,1,1
boxer_110,0,0,0,0
Abyssinian_45,1,1,1,0
Sphynx_186,1,1,1,1
yorkshire_terrier_67,0,0,0,1
scottish_terrier_92,0,1,1,0
pug_42,1,1,1,1
chihuahua_74,1,0,0,0
english_setter_193,1,1,1,1
boxer_137,1,1,1,1
boxer_96,1,0,0,1
Maine_Coon_55,0,0,0,1
boxer_133,1,1,1,1
miniature_pinscher_90,0,0,0,0
Siamese_49,1,1,1,1
boxer_1,1,1,1,1
yorkshire_terrier_79,0,0,0,0
Russian_Blue_132,1,1,1,1
havanese_61,1,1,1,1
newfoundland_106,0,0,0,1
japanese_chin_134,1,0,0,0
boxer_92,1,1,1,1
Persian_62,0,0,0,1
Russian_Blue_69,1,0,0,1
american_pit_bull_terrier_119,0,0,1,1
pug_195,1,1,1,1
chihuahua_167,0,0,0,0
Maine_Coon_162,0,0,0,0
pug_20,0,0,1,1
miniature_pinscher_166,0,1,1,1
scottish_terrier_131,1,1,1,1
boxer_30,0,0,0,0
Bengal_85,1,1,1,0
shiba_inu_105,0,0,0,0
pug_33,0,0,0,0
boxer_91,1,0,0,0
pug_65,0,0,0,0
american_pit_bull_terrier_148,0,0,0,0
german_shorthaired_41,1,1,1,1
shiba_inu_15,0,0,0,0
Maine_Coon_146,0,0,0,0
keeshond_197,1,1,1,1
Sphynx_58,0,0,0,0
japanese_chin_198,0,0,0,1
samoyed_110,0,0,0,0
scottish_terrier_7,0,0,0,1
english_setter_161,0,0,0,0
american_bulldog_117,0,0,0,0
yorkshire_terrier_198,0,1,1,1
Egyptian_Mau_82,1,1,1,1
Persian_152,1,1,1,1
British_Shorthair_83,1,1,1,1
newfoundland_124,1,1,1,0
saint_bernard_128,1,1,1,1
great_pyrenees_5,0,0,0,0
pomeranian_104,0,0,0,0
Bengal_2,1,1,1,1
beagle_84,1,1,1,1
scottish_terrier_58,1,1,1,1
Siamese_100,1,0,0,0
shiba_inu_81,0,0,0,1
great_pyrenees_150,0,0,0,1
havanese_103,1,1,1,1
Persian_117,1,0,0,1
yorkshire_terrier_155,0,0,0,1
scottish_terrier_49,1,0,0,1
Maine_Coon_42,1,0,0,1
Bombay_102,0,0,0,0
boxer_36,1,1,1,0
Sphynx_232,1,1,1,1
Sphynx_238,0,0,0,0
leonberger_171,0,0,0,0
keeshond_178,1,1,1,1
samoyed_88,1,1,1,1
samoyed_96,1,0,0,1
Russian_Blue_67,0,1,1,1
miniature_pinscher_27,1,1,1,0
great_pyrenees_59,1,1,1,1
Russian_Blue_165,1,0,0,0
english_setter_51,1,1,1,1
Sphynx_192,0,0,1,1
staffordshire_bull_terrier_177,1,1,1,1
Sphynx_55,1,1,1,1
pomeranian_49,1,0,0,0
samoyed_42,1,1,1,1
english_setter_136,1,1,1,1
german_shorthaired_89,1,1,1,1
pomeranian_98,0,0,0,0
Abyssinian_56,1,1,1,0
newfoundland_169,1,0,0,0
german_shorthaired_90,1,1,1,1
american_bulldog_106,0,1,0,0
Siamese_176,0,0,0,1
shiba_inu_52,0,0,0,1
Birman_38,1,1,1,1
Bombay_56,1,1,1,1
newfoundland_79,1,0,0,1
keeshond_86,0,0,0,0
english_setter_133,0,0,0,0
Bombay_109,0,0,0,0
english_setter_84,1,1,1,1
newfoundland_62,1,1,1,1
samoyed_63,0,0,0,0
Bengal_21,1,1,0,0
german_shorthaired_112,1,0,0,1
american_pit_bull_terrier_12,1,1,1,1
american_pit_bull_terrier_103,0,0,0,0
samoyed_103,0,0,0,0
japanese_chin_58,0,0,0,0
Maine_Coon_263,0,0,0,1
pug_137,0,0,0,0
english_setter_174,1,1,1,1
Birman_80,0,0,0,0
Maine_Coon_180,0,0,0,0
german_shorthaired_51,0,1,1,0
Abyssinian_121,1,0,0,0
japanese_chin_155,0,1,1,1
Egyptian_Mau_164,0,0,0,0
yorkshire_terrier_111,1,1,1,1
saint_bernard_176,1,1,1,1
Ragdoll_135,0,0,0,1
Siamese_17,1,1,1,1
boxer_11,0,0,0,0
japanese_chin_166,1,1,1,1
Siamese_195,1,1,1,1
leonberger_58,1,0,1,1
pomeranian_69,0,0,0,0
keeshond_96,1,0,0,0
Egyptian_Mau_187,1,0,0,0
British_Shorthair_104,1,1,1,1
great_pyrenees_162,1,1,0,0
japanese_chin_63,0,0,0,0
pomeranian_25,0,0,0,0
British_Shorthair_117,0,0,0,0
pomeranian_16,0,0,0,1
keeshond_25,1,1,1,1
beagle_181,1,1,1,1
pomeranian_115,0,0,0,0
Siamese_181,1,1,0,0
Siamese_67,1,1,1,1
american_bulldog_99,1,0,0,0
Russian_Blue_106,1,1,1,1
Russian_Blue_131,0,0,0,0
leonberger_199,1,1,1,1
Birman_49,0,0,0,1
Ragdoll_154,0,0,0,1
keeshond_150,0,0,0,1
american_pit_bull_terrier_50,0,1,1,1
beagle_51,1,0,0,0
american_pit_bull_terrier_164,1,1,1,1
Russian_Blue_115,1,1,1,1
Russian_Blue_158,1,0,0,1
yorkshire_terrier_146,0,0,0,0
yorkshire_terrier_148,0,0,0,0
Bombay_5,0,0,0,0
Siamese_183,0,0,1,1
staffordshire_bull_terrier_81,1,1,1,1
great_pyrenees_163,1,1,1,1
wheaten_terrier_29,1,0,0,1
havanese_158,0,0,0,0
Abyssinian_102,0,0,0,1
leonberger_141,0,0,0,0
leonberger_110,0,0,0,0
saint_bernard_16,1,1,1,1
keeshond_75,0,0,1,1
shiba_inu_186,1,1,1,1
Ragdoll_18,0,0,0,0
scottish_terrier_44,1,0,0,0
Bengal_200,1,1,1,1
wheaten_terrier_20,1,0,0,0
german_shorthaired_71,1,1,1,1
Ragdoll_16,0,0,0,0
english_cocker_spaniel_199,1,1,1,1
japanese_chin_56,0,0,0,1
wheaten_terrier_92,1,1,1,1
Egyptian_Mau_14,1,1,1,1
staffordshire_bull_terrier_119,1,0,0,1
Sphynx_166,1,1,1,1
boxer_128,1,1,1,1
english_setter_199,0,0,0,1
saint_bernard_152,1,0,1,1
Egyptian_Mau_145,1,1,1,0
Ragdoll_190,1,1,1,1
Abyssinian_184,0,1,1,1
shiba_inu_192,0,0,0,0
english_setter_28,1,1,1,1
great_pyrenees_84,0,0,0,0
Persian_20,0,0,0,0
miniature_pinscher_114,0,0,0,0
english_cocker_spaniel_155,0,0,0,0
leonberger_156,0,0,0,1
great_pyrenees_17,1,1,1,1
Sphynx_40,0,0,0,1
staffordshire_bull_terrier_139,1,1,1,1
shiba_inu_126,0,0,0,0
leonberger_48,1,0,0,0
beagle_56,0,0,0,1
great_pyrenees_54,1,1,1,1
english_cocker_spaniel_37,0,0,0,0
keeshond_34,0,0,0,0
British_Shorthair_266,0,1,1,1
Egyptian_Mau_30,0,0,0,0
British_Shorthair_137,1,1,1,1
Siamese_191,1,0,1,1
saint_bernard_153,0,0,0,0
samoyed_58,0,0,0,0
english_cocker_spaniel_110,0,1,0,0
newfoundland_197,0,0,0,0
shiba_inu_145,1,1,1,1
Bengal_78,1,1,1,1
german_shorthaired_172,0,1,1,1
leonberger_149,1,1,1,1
Siamese_61,1,1,1,0
miniature_pinscher_82,0,1,1,0
Abyssinian_206,0,0,0,1
Persian_206,0,0,0,0
american_bulldog_38,1,1,1,1
english_cocker_spaniel_172,0,0,0,1
pug_201,0,0,0,1
japanese_chin_36,0,0,0,1
scottish_terrier_53,1,1,1,1
Egyptian_Mau_51,0,0,0,1
beagle_112,1,1,1,0
boxer_99,1,1,1,1
staffordshire_bull_terrier_47,1,1,1,1
Russian_Blue_16,0,1,1,1
scottish_terrier_187,1,1,1,1
staffordshire_bull_terrier_95,1,0,1,1
saint_bernard_161,1,1,1,1
english_cocker_spaniel_30,1,1,1,1
boxer_59,1,1,1,1
Persian_97,1,0,1,1
Bombay_69,0,0,0,1
pomeranian_184,0,0,0,0
samoyed_4,0,0,0,0
saint_bernard_142,0,0,1,1
scottish_terrier_158,1,1,1,1
chihuahua_75,1,1,1,1
saint_bernard_67,1,1,1,1
shiba_inu_53,1,1,1,1
pomeranian_47,1,1,1,1
pug_165,0,0,0,0
Ragdoll_150,1,0,0,1
Ragdoll_125,1,1,1,1
miniature_pinscher_54,0,0,0,0
Russian_Blue_152,1,1,1,1
american_pit_bull_terrier_192,0,0,0,0
Sphynx_65,1,0,1,1
keeshond_79,1,1,0,1
Egyptian_Mau_132,0,1,1,1
Birman_118,1,1,1,0
german_shorthaired_167,1,1,1,1
boxer_180,1,1,1,1
saint_bernard_196,0,0,0,0
Bombay_6,1,0,0,0
Abyssinian_127,1,1,1,1
newfoundland_105,1,1,1,1
wheaten_terrier_193,0,0,0,0
english_cocker_spaniel_167,0,0,0,0
Birman_91,0,0,0,1
Maine_Coon_194,1,1,1,1
newfoundland_28,1,1,1,1
Abyssinian_164,1,0,0,1
english_setter_27,0,1,1,1
english_cocker_spaniel_115,0,0,1,0
saint_bernard_179,0,0,0,1
Abyssinian_30,0,1,1,1
Ragdoll_107,1,1,1,1
yorkshire_terrier_124,0,0,0,1
american_bulldog_92,0,0,0,0
keeshond_105,0,1,1,1
scottish_terrier_50,1,1,1,0
samoyed_85,0,0,0,1
shiba_inu_108,1,1,1,1
Birman_21,0,1,1,1
keeshond_32,0,0,0,1
basset_hound_68,0,0,0,0
shiba_inu_137,1,0,1,1
Persian_99,0,0,0,1
Bombay_42,1,0,0,1
miniature_pinscher_41,0,0,0,1
beagle_180,1,0,0,0
basset_hound_163,1,0,0,1
great_pyrenees_184,0,0,0,0
newfoundland_159,0,0,0,0
saint_bernard_139,1,0,0,0
Birman_48,0,1,1,1
samoyed_99,1,1,1,1
scottish_terrier_85,1,1,0,1
english_cocker_spaniel_123,0,0,1,1
boxer_193,1,0,0,0
english_cocker_spaniel_46,1,0,0,0
japanese_chin_199,1,0,0,0
Ragdoll_75,0,0,0,0
american_bulldog_115,1,1,1,1
leonberger_96,1,0,0,1
shiba_inu_27,0,0,0,1
Egyptian_Mau_52,0,0,0,0
japanese_chin_26,1,0,0,0
staffordshire_bull_terrier_120,0,0,0,1
chihuahua_43,0,0,1,1
miniature_pinscher_56,0,1,1,0
boxer_185,1,1,1,1
havanese_113,0,0,0,0
saint_bernard_125,0,0,0,1
leonberger_98,0,0,0,0
staffordshire_bull_terrier_89,0,0,0,0
Ragdoll_76,0,0,0,1
english_setter_88,1,0,0,0
american_bulldog_120,1,1,1,1
japanese_chin_93,1,1,1,1
pomeranian_19,0,0,0,1
British_Shorthair_130,1,1,1,0
British_Shorthair_71,1,0,0,0
British_Shorthair_108,1,1,1,1
Bengal_3,0,0,0,0
shiba_inu_159,0,0,0,1
British_Shorthair_203,1,1,1,0
Siamese_209,1,0,0,0
japanese_chin_111,0,0,0,0
Ragdoll_35,1,0,0,0
Russian_Blue_201,1,1,1,0
Siamese_180,1,0,0,0
miniature_pinscher_111,0,0,0,0
shiba_inu_38,1,1,1,1
havanese_110,0,0,0,1
english_setter_31,0,1,1,1
Bombay_134,0,0,0,0
Siamese_6,1,1,1,1
scottish_terrier_10,0,0,1,0
pomeranian_135,0,0,1,1
boxer_154,1,1,1,1
shiba_inu_34,0,0,0,0
keeshond_166,1,1,1,1
japanese_chin_158,0,0,0,0
keeshond_127,1,1,1,1
British_Shorthair_41,1,1,1,1
havanese_168,0,0,0,0
British_Shorthair_54,0,0,0,0
pug_24,1,0,0,0
Russian_Blue_112,1,1,1,1
Siamese_98,1,1,1,1
saint_bernard_189,0,0,0,0
leonberger_70,0,0,0,1
leonberger_145,1,1,1,1
saint_bernard_166,0,0,0,1
chihuahua_166,0,0,0,0
wheaten_terrier_3,0,0,0,1
japanese_chin_147,1,1,1,1
american_bulldog_44,0,0,0,0
keeshond_73,1,0,0,0
Egyptian_Mau_171,1,1,1,0
British_Shorthair_74,0,1,1,1
Sphynx_241,0,1,1,1
yorkshire_terrier_74,1,1,1,1
chihuahua_182,0,0,0,0
beagle_1,1,1,1,1
Russian_Blue_184,1,1,1,1
pug_104,0,0,0,0
Bengal_118,1,0,1,0
basset_hound_123,0,0,0,1
Ragdoll_257,0,1,1,1
pug_99,1,0,1,1
wheaten_terrier_14,0,0,0,1
Abyssinian_141,0,0,0,0
staffordshire_bull_terrier_46,1,0,0,0
Bengal_49,1,1,1,0
wheaten_terrier_69,1,1,1,1
Siamese_148,0,0,0,0
Birman_200,0,0,0,0
Russian_Blue_228,1,1,0,0
american_pit_bull_terrier_26,1,1,1,0
Birman_63,0,0,0,0
newfoundland_64,1,1,1,1
german_shorthaired_10,0,0,0,0
Maine_Coon_271,0,0,1,1
english_cocker_spaniel_99,0,1,1,1
american_pit_bull_terrier_180,0,0,0,0
pomeranian_57,1,0,0,1
yorkshire_terrier_172,0,0,0,0
newfoundland_82,1,1,1,0
scottish_terrier_162,1,1,1,1
British_Shorthair_95,1,1,1,0
havanese_162,1,1,1,1
Bombay_7,1,0,0,0
english_setter_18,0,0,0,0
Sphynx_243,1,1,0,0
scottish_terrier_151,0,0,0,0
staffordshire_bull_terrier_99,0,1,1,0
pug_112,0,0,0,0
shiba_inu_87,0,0,0,0
Abyssinian_193,0,1,1,1
basset_hound_165,1,1,1,0
Sphynx_195,1,1,1,1
american_bulldog_29,0,0,0,1
staffordshire_bull_terrier_103,1,1,1,1
miniature_pinscher_23,1,1,1,1
english_setter_111,1,1,1,1
Bombay_184,1,1,1,1
beagle_184,1,1,1,1
miniature_pinscher_105,1,1,1,1
american_pit_bull_terrier_52,1,1,1,1
great_pyrenees_107,1,0,0,1
basset_hound_1,1,1,1,1
saint_bernard_184,1,1,1,1
Siamese_91,1,0,0,1
basset_hound_120,1,1,1,1
german_shorthaired_96,0,0,0,0
yorkshire_terrier_62,0,0,0,0
scottish_terrier_102,1,1,1,1
leonberger_113,0,0,0,0
samoyed_177,1,1,1,1
miniature_pinscher_120,1,0,0,0
beagle_136,1,1,1,1
keeshond_125,1,1,1,1
great_pyrenees_53,0,0,0,0
chihuahua_129,0,0,0,0
Maine_Coon_43,1,0,0,1
Ragdoll_84,1,1,1,1
Persian_123,1,1,1,0
shiba_inu_72,0,0,0,1
Maine_Coon_68,1,1,1,0
Sphynx_12,1,1,1,1
great_pyrenees_194,1,1,1,1
basset_hound_99,0,0,0,0
havanese_100,0,1,1,1
english_cocker_spaniel_3,0,0,0,0
Bombay_74,0,0,0,1
Sphynx_142,0,0,0,0
english_setter_41,1,1,1,1
shiba_inu_115,1,0,0,0
Bombay_19,1,1,1,1
american_pit_bull_terrier_4,1,1,1,1
Bombay_87,0,0,0,1
japanese_chin_25,0,0,0,0
havanese_30,1,1,1,1
Maine_Coon_25,1,1,1,1
Egyptian_Mau_67,0,1,1,1
english_setter_19,1,0,0,1
newfoundland_71,1,0,0,0
scottish_terrier_52,0,1,0,1
shiba_inu_147,1,1,1,1
german_shorthaired_170,0,1,1,1
Ragdoll_33,1,1,1,0
British_Shorthair_248,0,0,0,0
basset_hound_127,0,0,1,1
american_pit_bull_terrier_29,1,0,0,0
Russian_Blue_222,0,0,1,1
shiba_inu_106,0,0,0,0
english_setter_165,0,0,0,0
Persian_64,1,1,1,1
wheaten_terrier_196,0,0,0,0
Maine_Coon_254,0,0,0,1
basset_hound_66,1,1,1,1
basset_hound_51,1,1,1,1
Sphynx_38,1,1,1,0
pug_111,0,0,0,1
english_setter_59,0,1,1,1
yorkshire_terrier_41,1,1,1,1
english_setter_67,1,1,1,1
Sphynx_124,0,0,1,1
shiba_inu_55,0,0,0,0
german_shorthaired_184,1,1,1,1
Maine_Coon_84,1,1,1,1
Abyssinian_158,0,0,0,1
chihuahua_44,0,0,0,0
boxer_131,1,1,1,1
Persian_3,0,0,1,1
saint_bernard_87,0,1,1,1
Siamese_153,1,0,1,1
Abyssinian_6,1,0,0,1
pomeranian_191,0,0,0,1
beagle_89,1,1,1,1
pomeranian_21,0,0,0,0
basset_hound_58,1,1,1,1
basset_hound_84,0,1,1,1
Sphynx_24,1,1,1,1
pomeranian_173,0,0,0,1
pug_155,0,0,0,0
american_bulldog_30,1,0,0,0
British_Shorthair_183,0,1,1,1
Egyptian_Mau_44,1,1,1,1
Persian_202,1,1,0,1
leonberger_139,1,1,1,1
Persian_85,0,0,0,0
Bombay_86,0,1,1,0
Russian_Blue_169,1,1,1,1
newfoundland_33,0,0,0,0
staffordshire_bull_terrier_37,0,0,0,0
shiba_inu_166,1,1,1,1
newfoundland_178,0,0,0,0
Russian_Blue_41,1,0,0,0
basset_hound_65,1,1,1,1
Egyptian_Mau_184,1,0,1,1
keeshond_192,1,1,1,1
yorkshire_terrier_137,0,0,0,0
British_Shorthair_90,1,1,1,1
Sphynx_84,0,1,1,1
keeshond_10,1,1,1,1
Persian_171,1,0,0,0
boxer_166,0,0,0,0
english_cocker_spaniel_164,0,0,0,0
Siamese_126,1,1,1,1
Siamese_169,1,0,0,1
miniature_pinscher_174,0,0,0,1
Maine_Coon_46,0,0,0,0
newfoundland_187,0,1,1,0
yorkshire_terrier_150,1,0,0,0
British_Shorthair_64,0,0,0,0
german_shorthaired_20,0,0,0,1
staffordshire_bull_terrier_104,1,1,1,0
pomeranian_52,0,0,0,1
english_cocker_spaniel_40,1,1,1,0
pomeranian_174,0,0,0,0
english_setter_29,0,0,0,1
japanese_chin_140,1,1,1,1
english_cocker_spaniel_103,0,0,0,0
great_pyrenees_9,0,0,0,1
basset_hound_106,1,1,1,0
leonberger_104,1,1,1,1
keeshond_37,0,0,0,0
beagle_183,0,1,1,1
samoyed_34,1,1,1,1
beagle_19,0,0,0,1
staffordshire_bull_terrier_191,1,0,0,0
american_bulldog_200,1,1,1,0
basset_hound_179,1,1,1,1
samoyed_79,1,1,1,0
beagle_111,0,0,0,0
english_cocker_spaniel_33,1,1,1,1
Bombay_101,0,0,0,0
chihuahua_123,0,0,0,1
Russian_Blue_194,0,0,0,0
newfoundland_85,1,1,1,1
keeshond_191,1,1,1,1
newfoundland_113,0,0,1,1
havanese_47,0,0,0,0
american_pit_bull_terrier_120,1,1,1,1
samoyed_81,1,0,1,1
american_bulldog_211,1,0,1,1
Maine_Coon_127,1,1,1,1
american_bulldog_202,0,0,0,1
miniature_pinscher_196,1,0,0,0
japanese_chin_157,1,1,1,1
Siamese_30,1,1,1,1
Bengal_124,0,0,0,0
Maine_Coon_169,0,1,1,1
shiba_inu_23,0,0,0,0
american_bulldog_39,1,1,1,1
german_shorthaired_9,1,1,1,1
scottish_terrier_120,1,0,0,0
Abyssinian_125,0,0,0,0
Persian_112,0,0,0,1
newfoundland_77,1,1,1,1
Maine_Coon_160,1,0,0,0
saint_bernard_20,1,0,0,1
basset_hound_104,1,1,1,1
japanese_chin_84,0,1,1,1
leonberger_10,1,1,1,1
keeshond_30,0,0,0,0
english_setter_79,0,0,0,0
Egyptian_Mau_5,1,0,1,1
Abyssinian_221,1,0,0,1
wheaten_terrier_62,0,0,0,0
great_pyrenees_116,1,1,1,1
american_bulldog_89,1,0,0,0
american_bulldog_146,0,0,0,0
scottish_terrier_1,1,0,0,1
havanese_164,0,0,0,0
havanese_167,0,0,0,1
basset_hound_91,0,1,1,1
scottish_terrier_104,0,0,0,0
samoyed_128,0,0,0,1
British_Shorthair_265,1,1,1,1
samoyed_53,0,0,0,0
japanese_chin_21,1,0,0,1
staffordshire_bull_terrier_183,1,1,1,1
Persian_125,0,1,1,0
saint_bernard_59,1,1,1,1
german_shorthaired_136,0,1,1,1
wheaten_terrier_36,0,0,0,0
Siamese_143,1,1,1,1
Maine_Coon_8,1,1,1,1
pug_66,1,0,0,0
english_cocker_spaniel_144,1,1,1,0
miniature_pinscher_128,0,0,0,0
great_pyrenees_141,1,1,1,1
Egyptian_Mau_178,1,1,1,1
shiba_inu_54,1,0,1,0
pomeranian_150,0,0,0,1
shiba_inu_128,0,0,0,0
great_pyrenees_75,1,1,1,1
Abyssinian_195,0,1,1,1
american_bulldog_26,0,1,1,1
samoyed_143,1,1,1,1
keeshond_109,1,1,1,0
saint_bernard_57,0,1,1,1
Russian_Blue_19,1,1,1,1
Persian_74,0,0,0,0
newfoundland_166,0,0,0,0
american_bulldog_80,0,0,0,1
beagle_18,0,0,0,1
keeshond_21,0,0,0,0
saint_bernard_140,0,1,1,1
wheaten_terrier_141,1,1,1,1
american_pit_bull_terrier_96,1,1,1,1
yorkshire_terrier_174,0,0,0,0
pomeranian_126,1,0,0,0
pug_153,0,0,0,1
havanese_172,1,1,1,1
yorkshire_terrier_179,1,0,0,0
great_pyrenees_154,1,1,1,1
japanese_chin_54,0,0,0,0
pug_176,0,0,0,0
Maine_Coon_206,0,0,0,0
keeshond_2,1,0,0,1
British_Shorthair_105,1,0,0,1
german_shorthaired_61,0,0,0,0
yorkshire_terrier_191,0,0,0,1
leonberger_80,0,0,0,0
Siamese_193,1,1,1,1
basset_hound_78,1,1,1,1
Ragdoll_137,0,0,0,0
havanese_25,1,1,1,1
Maine_Coon_28,0,0,0,0
Abyssinian_25,1,1,1,1
wheaten_terrier_46,0,0,1,1
Siamese_119,0,0,0,0
shiba_inu_196,0,0,0,0
newfoundland_111,1,0,0,0
Bombay_182,1,1,1,1
english_setter_153,1,1,1,1
pug_123,0,0,0,0
Bombay_201,0,0,0,1
american_bulldog_201,1,1,1,1
keeshond_18,0,0,0,0
havanese_177,1,0,0,1
shiba_inu_64,0,0,0,1
staffordshire_bull_terrier_8,1,1,1,1
american_bulldog_203,1,1,1,1
Bengal_12,1,0,1,1
american_pit_bull_terrier_108,1,0,0,1
english_cocker_spaniel_147,0,1,1,1
german_shorthaired_6,0,0,1,1
great_pyrenees_113,1,1,1,1
Egyptian_Mau_54,1,1,1,1
basset_hound_102,1,0,0,0
Ragdoll_42,0,0,0,1
boxer_9,1,1,1,0
Siamese_86,0,0,1,1
english_cocker_spaniel_35,0,0,0,0
samoyed_72,1,0,0,0
staffordshire_bull_terrier_134,0,1,1,1
english_cocker_spaniel_151,0,0,0,0
american_bulldog_107,1,1,1,1
Birman_138,1,1,1,0
great_pyrenees_130,0,0,0,1
scottish_terrier_138,1,1,1,1
great_pyrenees_46,0,0,0,0
pomeranian_14,1,0,0,0
yorkshire_terrier_90,1,1,1,0
Persian_259,0,0,0,1
Egyptian_Mau_21,0,0,1,1
leonberger_140,0,0,0,0
newfoundland_97,1,1,1,1
Sphynx_33,1,1,1,1
basset_hound_3,1,1,1,1
pomeranian_163,1,0,0,1
yorkshire_terrier_46,1,1,0,1
american_bulldog_61,1,1,1,1
havanese_176,1,1,1,1
Bombay_181,1,0,1,1
pug_190,0,0,0,0
keeshond_184,0,0,0,1
Sphynx_61,1,1,1,1
samoyed_50,0,1,1,1
havanese_8,0,0,1,1
Sphynx_57,0,1,1,1
keeshond_33,1,0,1,1
Bengal_146,0,0,0,1
great_pyrenees_29,0,0,0,1
beagle_63,1,1,1,1
Abyssinian_180,0,1,1,1
great_pyrenees_153,1,1,1,1
Egyptian_Mau_13,0,0,0,0
Persian_170,1,1,1,1
Ragdoll_258,1,1,1,0
newfoundland_40,0,0,0,1
Bengal_80,1,1,1,1
pomeranian_176,0,0,0,0
english_setter_11,0,0,0,1
pug_76,1,0,0,1
Birman_11,1,0,0,1
wheaten_terrier_39,0,0,0,0
boxer_46,1,1,1,1
Persian_17,0,0,0,1
english_cocker_spaniel_29,0,0,0,0
basset_hound_146,0,0,1,1
scottish_terrier_55,1,0,0,1
wheaten_terrier_48,0,0,0,0
British_Shorthair_175,1,0,1,1
yorkshire_terrier_10,0,0,0,0
pug_58,1,1,1,1
yorkshire_terrier_31,0,0,0,0
Maine_Coon_52,0,0,0,1
Siamese_173,0,0,0,1
British_Shorthair_36,0,1,1,1
British_Shorthair_8,1,1,1,0
Sphynx_199,1,1,1,1
Egyptian_Mau_133,1,1,1,1
Maine_Coon_104,0,0,0,0
Ragdoll_6,1,0,0,1
Maine_Coon_87,1,0,1,1
great_pyrenees_180,0,0,0,1
newfoundland_91,1,0,0,1
havanese_85,0,0,0,1
Persian_261,0,1,1,1
Russian_Blue_102,0,0,0,0
shiba_inu_150,1,1,1,1
boxer_107,0,1,1,1
Ragdoll_79,1,1,1,1
boxer_141,1,1,1,1
leonberger_176,0,0,0,1
boxer_175,1,1,1,1
havanese_102,0,0,0,0
Sphynx_139,1,1,1,1
yorkshire_terrier_169,1,0,0,0
Egyptian_Mau_202,1,1,1,1
Bombay_136,0,0,0,0
Sphynx_130,0,1,1,0
japanese_chin_194,0,0,0,1
scottish_terrier_66,0,0,1,1
scottish_terrier_169,0,0,0,0
British_Shorthair_272,0,0,0,1
Maine_Coon_75,1,0,0,1
British_Shorthair_170,0,0,0,0
german_shorthaired_8,0,0,0,1
miniature_pinscher_119,1,0,0,0
Abyssinian_216,0,0,0,1
basset_hound_47,1,1,1,1
Bengal_159,0,1,1,1
great_pyrenees_40,1,0,0,1
Siamese_225,0,1,1,1
english_cocker_spaniel_68,1,1,1,1
Ragdoll_185,0,0,0,0
wheaten_terrier_135,1,1,1,1
saint_bernard_79,0,0,0,0
Sphynx_48,1,1,1,0
chihuahua_4,0,0,0,0
pomeranian_55,0,0,0,0
german_shorthaired_24,1,1,1,1
Ragdoll_210,1,1,1,1
boxer_121,1,1,1,1
japanese_chin_197,0,0,0,0
Birman_154,1,1,1,0
pomeranian_195,1,1,1,0
Sphynx_212,1,1,1,1
german_shorthaired_186,1,1,1,1
english_setter_73,1,1,1,0
Siamese_75,1,1,1,1
miniature_pinscher_53,1,1,1,1
chihuahua_191,0,0,0,0
pomeranian_141,0,0,0,0
english_setter_55,0,0,0,0
great_pyrenees_23,0,0,0,0
leonberger_161,0,1,1,1
saint_bernard_190,0,1,1,1
shiba_inu_198,1,1,1,1
pomeranian_13,1,1,1,1
Ragdoll_34,1,1,1,1
japanese_chin_183,1,1,1,1
Bengal_176,0,0,0,0
Bombay_125,1,1,1,1
wheaten_terrier_78,0,0,0,1
beagle_109,1,0,0,0
american_pit_bull_terrier_177,0,0,0,1
Sphynx_34,1,1,1,1
great_pyrenees_157,1,1,1,1
Maine_Coon_170,1,1,1,1
leonberger_36,1,1,1,1
staffordshire_bull_terrier_9,0,0,0,0
staffordshire_bull_terrier_30,0,0,0,0
shiba_inu_202,0,0,1,0
yorkshire_terrier_200,0,0,0,0
Bengal_29,1,1,1,0
pug_93,0,1,0,1
Bengal_66,1,1,1,1
saint_bernard_89,0,0,0,1
British_Shorthair_53,0,0,0,0
staffordshire_bull_terrier_184,0,0,0,0
scottish_terrier_51,1,0,0,0
leonberger_105,0,1,1,1
shiba_inu_59,1,0,0,0
shiba_inu_25,1,0,0,1
Ragdoll_166,1,1,1,1
beagle_10,1,1,1,1
japanese_chin_149,0,0,0,1
Maine_Coon_211,0,0,0,0
Russian_Blue_148,1,0,0,0
scottish_terrier_84,0,0,0,1
Russian_Blue_164,1,0,0,1
Siamese_149,0,0,0,0
yorkshire_terrier_187,0,0,0,0
english_setter_86,1,1,1,1
scottish_terrier_31,0,1,1,1
saint_bernard_58,0,0,1,1
Sphynx_107,1,1,1,1
havanese_105,0,0,0,0
great_pyrenees_105,0,0,0,1
chihuahua_26,0,0,0,0
boxer_6,1,1,1,1
chihuahua_55,1,1,1,0
scottish_terrier_39,1,0,0,1
keeshond_51,0,0,0,0
Birman_194,1,1,1,1
german_shorthaired_120,1,1,1,1
Maine_Coon_115,1,1,1,0
samoyed_182,1,1,1,1
Abyssinian_183,0,0,0,0
keeshond_77,0,0,0,1
Bombay_144,1,0,0,0
shiba_inu_205,1,1,1,1
Birman_180,1,0,0,1
german_shorthaired_19,1,1,1,0
newfoundland_29,0,0,0,0
Sphynx_237,0,0,0,0
english_setter_118,1,1,1,1
japanese_chin_135,0,0,1,1
leonberger_134,0,0,0,0
basset_hound_52,1,1,1,1
samoyed_198,1,1,1,0
american_bulldog_63,0,1,1,1
scottish_terrier_43,0,0,0,0
Russian_Blue_76,1,0,0,0
havanese_3,0,0,0,1
yorkshire_terrier_25,1,1,1,0
samoyed_149,0,1,1,1
Russian_Blue_116,1,0,0,0
shiba_inu_84,0,0,1,1
Abyssinian_182,1,1,1,1
Abyssinian_52,0,0,0,0
Birman_81,1,0,1,1
pug_203,0,0,0,0
pug_198,0,0,0,1
Bombay_143,1,0,0,0
Siamese_84,0,1,1,0
english_setter_12,0,1,1,1
shiba_inu_139,1,0,0,0
Birman_10,0,1,1,1
leonberger_50,0,0,0,0
British_Shorthair_263,1,1,1,1
american_bulldog_70,1,1,1,1
chihuahua_45,0,0,0,0
scottish_terrier_186,0,0,1,0
japanese_chin_79,0,0,0,1
chihuahua_46,0,0,0,0
shiba_inu_110,0,0,0,0
Siamese_50,1,1,1,1
samoyed_111,0,0,0,0
leonberger_198,1,1,1,0
english_cocker_spaniel_174,0,0,0,0
Egyptian_Mau_167,1,1,1,1
pomeranian_165,0,0,1,1
Ragdoll_63,1,1,0,1
american_bulldog_64,1,1,1,1
yorkshire_terrier_168,0,0,0,0
Egyptian_Mau_10,0,0,0,0
Persian_41,1,0,0,1
english_cocker_spaniel_139,0,0,0,0
shiba_inu_129,1,1,1,1
saint_bernard_192,1,1,1,1
english_setter_115,0,0,0,0
staffordshire_bull_terrier_34,0,0,0,0
keeshond_188,0,0,0,0
staffordshire_bull_terrier_109,1,1,1,1
leonberger_126,1,1,1,1
english_setter_192,1,1,1,0
Birman_93,1,1,0,1
Maine_Coon_192,1,1,1,1
Abyssinian_114,1,1,1,1
yorkshire_terrier_156,0,0,0,0
american_bulldog_128,0,0,1,1
german_shorthaired_182,1,1,1,1
pomeranian_30,1,1,1,1
samoyed_18,1,1,1,1
shiba_inu_178,1,1,1,1
Bombay_176,1,1,1,1
german_shorthaired_188,0,0,0,0
British_Shorthair_209,0,1,1,1
Persian_71,0,0,0,0
Abyssinian_119,0,0,0,0
american_pit_bull_terrier_175,1,1,1,1
shiba_inu_51,0,1,1,1
staffordshire_bull_terrier_106,0,0,0,0
staffordshire_bull_terrier_158,1,1,1,1
saint_bernard_107,0,0,0,1
leonberger_155,1,1,1,1
Bengal_137,0,0,0,0
samoyed_26,0,0,0,0
Maine_Coon_217,0,0,0,1
Maine_Coon_50,1,1,1,1
miniature_pinscher_66,1,0,0,0
english_cocker_spaniel_117,1,1,1,1
yorkshire_terrier_184,0,0,0,0
beagle_40,0,0,0,0
boxer_83,1,1,1,1
Bombay_85,0,0,0,1
boxer_37,1,0,0,0
Ragdoll_178,0,0,0,1
Sphynx_105,0,0,1,1
scottish_terrier_191,0,0,0,0
great_pyrenees_73,1,1,1,1
Ragdoll_25,1,1,1,1
havanese_54,1,1,1,1
Bombay_177,0,0,0,0
english_cocker_spaniel_69,0,0,0,1
beagle_163,1,1,1,1
american_bulldog_21,1,1,1,1
keeshond_39,0,0,0,1
staffordshire_bull_terrier_14,0,0,0,1
Ragdoll_205,0,0,0,1
saint_bernard_4,0,0,0,0
Russian_Blue_45,1,1,1,1
newfoundland_155,0,0,0,0
Bombay_128,1,1,1,1
great_pyrenees_49,0,0,0,1
shiba_inu_78,0,0,0,1
Sphynx_95,1,1,0,1
Abyssinian_47,0,0,0,0
scottish_terrier_181,1,1,1,1
Maine_Coon_163,0,1,1,1
Egyptian_Mau_123,1,1,1,1
British_Shorthair_82,1,1,1,1
american_pit_bull_terrier_198,1,1,1,1
great_pyrenees_97,0,0,0,1
saint_bernard_150,1,1,1,1
chihuahua_111,0,0,0,0
chihuahua_180,0,0,0,1
Russian_Blue_70,1,0,0,0
german_shorthaired_38,1,1,1,1
american_bulldog_212,0,1,1,1
Maine_Coon_57,1,1,1,1
keeshond_116,0,0,0,0
Russian_Blue_48,0,0,0,0
american_bulldog_20,1,1,1,1
great_pyrenees_67,1,1,1,1
yorkshire_terrier_64,0,0,0,0
miniature_pinscher_131,0,0,0,0
Abyssinian_9,1,0,0,0
Persian_55,0,0,0,0
basset_hound_184,1,1,1,1
american_bulldog_97,0,1,1,1
wheaten_terrier_158,0,0,0,1
english_setter_5,1,1,1,1
leonberger_8,0,0,0,0
Egyptian_Mau_141,1,0,0,0
miniature_pinscher_150,0,0,0,0
keeshond_112,1,1,1,1
great_pyrenees_26,1,0,0,0
shiba_inu_48,1,0,0,1
samoyed_194,1,1,1,1
Sphynx_157,1,1,1,1
Egyptian_Mau_75,1,0,0,1
Bombay_161,1,1,1,1
Siamese_146,0,0,0,1
wheaten_terrier_89,1,0,0,1
german_shorthaired_18,1,1,1,1
chihuahua_40,1,1,1,1
Siamese_144,1,1,1,0
Bombay_206,0,0,0,0
saint_bernard_25,1,1,1,1
Abyssinian_172,0,0,0,0
pomeranian_62,0,0,0,1
pomeranian_147,0,0,0,0
Birman_13,0,1,1,1
beagle_145,1,0,0,0
scottish_terrier_110,1,0,1,1
keeshond_45,0,0,1,1
Siamese_231,1,0,0,1
samoyed_95,0,0,0,0
Bombay_173,0,1,1,0
boxer_70,1,1,1,1
Persian_191,0,0,0,0
miniature_pinscher_163,0,0,0,1
english_setter_148,0,1,1,1
yorkshire_terrier_69,0,0,0,1
boxer_191,0,1,1,1
Egyptian_Mau_180,1,0,0,0
Sphynx_17,0,0,0,0
Ragdoll_140,1,1,1,1
basset_hound_80,0,1,1,1
japanese_chin_109,1,1,1,1
leonberger_106,1,1,1,1
japanese_chin_106,0,1,1,1
havanese_15,0,0,0,0
american_bulldog_123,1,1,1,1
yorkshire_terrier_76,1,0,0,1
pug_133,0,1,1,1
scottish_terrier_33,0,1,1,1
miniature_pinscher_17,0,0,0,0
scottish_terrier_137,1,1,1,0
pomeranian_46,0,0,0,0
staffordshire_bull_terrier_145,0,0,0,0
japanese_chin_29,0,0,0,0
staffordshire_bull_terrier_195,0,0,1,1
British_Shorthair_79,0,0,0,0
Bengal_83,1,1,1,0
Bombay_120,0,0,0,1
keeshond_156,1,1,1,1
Bengal_123,1,1,1,0
Sphynx_151,1,0,0,0
scottish_terrier_132,0,0,0,1
leonberger_43,0,0,0,1
Siamese_216,1,1,1,1
saint_bernard_55,0,0,0,0
american_bulldog_57,0,1,1,1
Abyssinian_101,0,0,0,0
boxer_173,1,1,1,1
boxer_43,0,0,0,0
american_pit_bull_terrier_138,1,1,1,1
basset_hound_200,0,0,0,1
beagle_134,1,1,1,1
havanese_127,1,1,1,1
staffordshire_bull_terrier_201,1,1,1,1
Birman_103,0,0,0,1
havanese_38,1,1,1,0
Sphynx_112,1,1,0,1
boxer_60,0,0,0,0
beagle_59,1,1,1,1
american_pit_bull_terrier_48,1,1,1,1
Sphynx_66,1,0,0,0
Persian_268,1,1,1,1
Ragdoll_159,1,1,1,0
havanese_119,0,0,0,0
Ragdoll_261,0,0,0,1
shiba_inu_26,0,0,0,0
boxer_32,1,1,1,1
pomeranian_162,0,0,0,0
havanese_81,0,0,0,1
japanese_chin_125,0,0,0,0
japanese_chin_128,0,0,0,1
japanese_chin_8,1,1,1,1
Persian_46,1,1,1,1
keeshond_158,1,0,0,0
Russian_Blue_99,1,0,0,0
pomeranian_144,0,0,0,0
Egyptian_Mau_41,0,0,0,0
boxer_50,1,1,1,1
newfoundland_70,1,0,0,1
Russian_Blue_186,1,1,1,1
Birman_153,0,0,0,0
leonberger_108,1,0,1,1
staffordshire_bull_terrier_170,0,0,0,0
Russian_Blue_98,0,0,0,0
shiba_inu_104,0,0,1,1
miniature_pinscher_44,1,0,0,0
Birman_32,0,1,1,0
havanese_154,0,0,0,0
newfoundland_66,0,0,0,1
basset_hound_187,0,0,0,1
Maine_Coon_150,0,0,0,1
newfoundland_125,1,0,0,0
english_cocker_spaniel_180,1,1,1,1
beagle_79,0,0,0,0
samoyed_138,1,1,1,1
keeshond_58,0,1,0,1
pug_102,0,0,0,1
Russian_Blue_207,0,0,0,0
pug_92,1,1,1,0
basset_hound_198,1,1,1,1
havanese_37,0,0,0,0
samoyed_142,0,0,0,0
pomeranian_121,0,0,0,0
Egyptian_Mau_146,0,1,1,1
shiba_inu_199,0,0,1,0
newfoundland_167,0,1,1,1
staffordshire_bull_terrier_162,1,1,1,1
american_pit_bull_terrier_49,0,0,0,0
scottish_terrier_83,1,1,1,1
Siamese_128,1,1,1,1
Bengal_95,1,1,1,1
Birman_160,1,1,1,1
keeshond_163,1,1,1,1
pug_29,0,0,0,0
beagle_55,1,1,1,1
wheaten_terrier_64,0,0,0,0
leonberger_185,0,0,0,0
shiba_inu_95,1,1,1,1
Russian_Blue_220,0,0,0,0
keeshond_154,1,1,1,1
newfoundland_175,0,0,0,0
Sphynx_191,1,0,0,0
leonberger_87,0,0,0,0
yorkshire_terrier_127,0,0,0,1
english_setter_24,1,1,1,1
Siamese_184,1,0,0,1
german_shorthaired_135,1,0,1,1
beagle_17,0,0,0,1
Abyssinian_149,1,1,1,1
saint_bernard_170,0,1,1,1
german_shorthaired_101,1,0,0,1
german_shorthaired_27,1,1,1,1
great_pyrenees_173,0,1,1,1
american_bulldog_23,1,1,1,1
japanese_chin_46,0,0,0,0
german_shorthaired_190,1,1,1,1
german_shorthaired_157,1,1,1,1
shiba_inu_154,0,1,1,1
keeshond_151,1,1,1,1
german_shorthaired_37,1,1,1,1
american_pit_bull_terrier_176,1,1,1,0
keeshond_199,1,1,1,1
Abyssinian_61,1,1,1,1
Bengal_179,1,1,1,1
Bengal_37,1,1,1,0
boxer_125,1,0,0,0
yorkshire_terrier_116,0,1,1,1
Bombay_16,0,1,1,1
american_pit_bull_terrier_117,0,0,0,1
pug_69,0,0,0,0
Birman_67,1,1,1,0
British_Shorthair_258,1,0,0,0
beagle_29,1,1,1,1
Persian_75,0,0,0,0
Egyptian_Mau_8,0,0,0,0
chihuahua_114,1,1,1,0
Abyssinian_95,1,0,0,1
Russian_Blue_84,1,1,1,1
Abyssinian_120,1,1,1,1
japanese_chin_62,0,0,0,0
saint_bernard_159,0,0,0,1
Bombay_213,0,0,0,1
beagle_182,1,0,0,1
Maine_Coon_100,0,0,0,1
Bombay_202,1,1,1,1
basset_hound_6,1,1,1,1
japanese_chin_196,0,1,1,1
basset_hound_112,1,1,1,0
samoyed_52,1,0,0,1
pomeranian_139,0,0,0,0
samoyed_82,1,1,1,1
leonberger_6,0,0,0,0
japanese_chin_35,0,0,0,0
keeshond_57,1,0,0,0
american_bulldog_137,1,0,0,1
Egyptian_Mau_45,0,0,0,0
Egyptian_Mau_71,1,0,0,1
scottish_terrier_38,0,0,0,0
Bombay_200,0,0,0,1
boxer_3,0,0,0,0
Birman_88,1,1,1,1
Maine_Coon_93,1,1,1,1
pug_101,0,0,0,0
Egyptian_Mau_36,1,1,1,0
newfoundland_84,1,1,1,1
english_setter_110,0,1,1,0
Bengal_24,1,1,0,1
Birman_85,0,1,1,0
shiba_inu_97,0,1,1,0
Ragdoll_3,0,1,1,1
basset_hound_74,0,1,1,1
yorkshire_terrier_188,0,0,0,0
Egyptian_Mau_115,0,0,0,0
Siamese_179,1,0,0,0
pomeranian_60,1,1,1,1
Bombay_148,1,1,1,1
basset_hound_183,1,0,0,0
Egyptian_Mau_40,0,0,0,1
Ragdoll_32,1,0,0,1
newfoundland_195,0,0,0,0
staffordshire_bull_terrier_118,1,1,1,1
scottish_terrier_196,1,1,1,1
Maine_Coon_135,1,1,1,1
american_pit_bull_terrier_174,1,1,1,1
keeshond_167,0,0,0,0
boxer_100,0,0,0,1
american_bulldog_193,1,1,1,1
havanese_185,0,0,0,1
Persian_140,1,0,0,1
havanese_142,0,0,0,1
Birman_146,1,1,1,1
keeshond_8,1,1,1,1
Russian_Blue_239,1,1,1,1
miniature_pinscher_6,0,0,0,0
great_pyrenees_60,0,0,1,1
Abyssinian_157,0,1,1,1
Sphynx_228,1,0,0,1
Abyssinian_33,1,1,1,1
saint_bernard_136,1,0,0,1
miniature_pinscher_134,0,0,0,0
Ragdoll_37,1,0,0,0
British_Shorthair_160,1,1,1,1
english_setter_198,0,0,1,1
shiba_inu_163,1,1,1,1
american_bulldog_116,0,0,0,0
pug_136,1,0,0,0
newfoundland_143,1,1,1,1
samoyed_172,0,0,0,1
newfoundland_100,0,0,0,0
Persian_102,0,0,1,1
Persian_44,0,0,0,0
Bengal_129,0,1,1,1
great_pyrenees_58,1,1,1,1
german_shorthaired_169,1,1,1,1
Siamese_139,1,0,0,1
Egyptian_Mau_9,1,1,1,1
Persian_144,1,0,0,1
pug_109,0,0,0,0
scottish_terrier_19,1,1,1,1
chihuahua_38,1,1,1,1
american_pit_bull_terrier_169,0,0,0,0
wheaten_terrier_167,0,1,0,0
Siamese_171,0,0,0,0
american_pit_bull_terrier_184,1,1,1,1
shiba_inu_35,1,1,1,1
Bengal_77,1,1,1,1
Maine_Coon_23,1,0,0,1
leonberger_55,1,1,1,1
pomeranian_12,1,0,0,0
leonberger_131,1,1,1,1
staffordshire_bull_terrier_85,1,1,1,1
chihuahua_147,0,0,0,0
chihuahua_6,0,0,0,0
boxer_174,1,1,1,1
saint_bernard_41,1,1,1,1
beagle_68,0,0,0,1
german_shorthaired_100,0,0,1,1
havanese_52,1,1,1,0
Sphynx_251,0,0,0,1
miniature_pinscher_95,0,1,1,1
samoyed_168,1,1,1,1
great_pyrenees_43,1,0,0,1
english_cocker_spaniel_22,0,0,0,1
British_Shorthair_144,0,1,1,1
english_setter_46,1,0,1,1
yorkshire_terrier_192,0,0,0,0
Ragdoll_162,0,1,1,1
saint_bernard_100,1,1,1,1
Bombay_111,0,1,1,1
Abyssinian_73,1,1,1,1
samoyed_32,1,1,1,1
english_cocker_spaniel_185,0,0,0,0
British_Shorthair_47,1,0,1,1
shiba_inu_117,0,0,0,0
yorkshire_terrier_123,1,0,0,1
great_pyrenees_4,0,0,1,1
Sphynx_233,1,0,1,1
newfoundland_191,1,1,1,1
great_pyrenees_110,0,0,0,0
newfoundland_189,0,0,0,0
staffordshire_bull_terrier_28,0,0,1,0
shiba_inu_80,0,0,0,1
newfoundland_126,1,1,1,1
newfoundland_32,0,1,1,1
miniature_pinscher_80,0,0,0,1
British_Shorthair_155,1,1,1,1
keeshond_113,1,1,1,1
Bombay_57,1,0,0,0
german_shorthaired_45,0,0,1,1
newfoundland_1,1,1,1,1
Ragdoll_62,0,0,1,1
boxer_5,1,1,1,1
pug_36,0,1,1,1
pomeranian_74,0,0,0,0
British_Shorthair_188,1,1,0,0
Abyssinian_80,1,1,1,0
miniature_pinscher_74,1,1,1,0
pomeranian_1,0,0,0,0
japanese_chin_200,1,1,1,1
pug_68,0,0,0,0
Egyptian_Mau_162,0,0,0,0
yorkshire_terrier_154,0,0,0,0
scottish_terrier_185,0,0,0,1
yorkshire_terrier_56,1,1,1,1
american_bulldog_184,1,1,1,1
english_setter_187,0,1,1,1
pug_194,1,0,0,1
keeshond_67,1,0,0,0
japanese_chin_108,0,0,0,0
shiba_inu_125,0,0,0,0
miniature_pinscher_132,1,1,1,1
Bengal_143,0,1,1,1
British_Shorthair_10,1,1,1,1
boxer_181,1,1,1,1
Persian_7,0,0,0,1
havanese_27,0,0,0,1
chihuahua_106,1,1,1,1
pug_22,1,0,0,0
american_pit_bull_terrier_95,0,1,0,1
Bombay_180,1,0,0,0
Persian_162,1,1,1,1
Ragdoll_7,1,1,1,1
Maine_Coon_208,1,1,1,1
great_pyrenees_36,0,1,1,1
miniature_pinscher_96,1,0,0,0
basset_hound_124,1,1,1,1
german_shorthaired_171,0,0,0,0
pug_87,1,0,0,1
yorkshire_terrier_82,0,0,0,1
wheaten_terrier_88,0,0,0,0
Maine_Coon_30,1,1,1,0
Bengal_82,1,0,1,1
leonberger_35,1,1,1,1
Ragdoll_113,1,0,0,1
american_pit_bull_terrier_86,1,1,0,1
pomeranian_189,0,0,0,0
scottish_terrier_27,0,0,0,1
pug_144,0,0,0,0
miniature_pinscher_57,0,0,0,1
Siamese_152,1,1,1,1
Russian_Blue_182,1,1,1,1
yorkshire_terrier_20,0,0,0,1
keeshond_7,1,1,1,1
Sphynx_170,1,1,1,1
japanese_chin_39,0,0,0,0
Siamese_46,1,0,0,0
scottish_terrier_173,1,1,1,1
Russian_Blue_237,1,1,1,1
Maine_Coon_174,0,0,0,0
Persian_38,1,0,0,0
Persian_174,0,1,1,1
Maine_Coon_5,1,1,1,1
pomeranian_187,1,0,0,1
chihuahua_83,0,0,1,1
newfoundland_93,0,0,0,0
Bengal_35,1,1,1,1
wheaten_terrier_159,1,0,0,1
german_shorthaired_115,0,0,1,1
beagle_16,0,1,1,1
yorkshire_terrier_89,1,1,1,1
great_pyrenees_104,1,0,0,0
pomeranian_15,0,0,0,0
saint_bernard_11,1,1,1,0
chihuahua_172,0,0,0,0
scottish_terrier_106,1,1,1,1
yorkshire_terrier_133,0,0,0,1
american_bulldog_140,1,1,1,1
Persian_83,0,0,0,0
chihuahua_67,1,0,0,0
boxer_28,1,1,1,1
Birman_116,1,1,1,1
pomeranian_113,1,0,0,0
chihuahua_126,1,0,0,1
german_shorthaired_192,1,1,1,1
Ragdoll_72,1,1,1,1
american_bulldog_111,1,1,1,1
Egyptian_Mau_199,1,1,1,0
Persian_188,1,1,1,1
great_pyrenees_47,1,1,1,1
pug_30,0,0,0,1
english_setter_168,0,0,0,0
newfoundland_144,1,1,1,1
english_setter_89,1,1,1,1
Abyssinian_185,0,0,0,0
leonberger_115,1,1,1,1
Sphynx_72,1,1,1,1
english_setter_91,1,1,1,1
British_Shorthair_274,1,1,1,0
pug_53,0,0,0,0
newfoundland_173,1,1,1,1
Maine_Coon_92,1,0,0,1
wheaten_terrier_85,0,0,0,1
staffordshire_bull_terrier_1,0,0,0,0
beagle_33,0,0,0,1
Egyptian_Mau_16,0,0,0,0
american_pit_bull_terrier_23,1,1,1,0
scottish_terrier_21,1,1,1,1
great_pyrenees_168,1,1,1,1
Persian_87,1,0,0,0
leonberger_31,1,1,1,1
chihuahua_51,1,1,1,1
samoyed_23,0,0,0,0
newfoundland_103,1,1,1,1
samoyed_130,0,0,0,0
Persian_164,0,0,0,0
Siamese_154,1,1,1,1
english_setter_191,1,1,1,1
basset_hound_50,1,1,1,1
Egyptian_Mau_221,0,0,0,1
yorkshire_terrier_21,0,0,0,0
shiba_inu_37,0,0,0,0
Sphynx_37,0,1,1,1
Russian_Blue_142,1,1,1,0
yorkshire_terrier_196,0,0,0,0
wheaten_terrier_66,0,1,1,1
Bombay_26,1,1,0,1
yorkshire_terrier_149,1,0,0,0
american_bulldog_90,0,0,0,1
shiba_inu_210,1,1,1,1
english_setter_195,1,1,1,1
Persian_36,0,0,0,1
Maine_Coon_157,0,0,1,1
american_pit_bull_terrier_123,0,1,1,1
leonberger_24,1,1,1,1
miniature_pinscher_189,0,1,1,1
Birman_66,0,0,0,1
Maine_Coon_196,1,1,1,1
american_bulldog_175,0,0,0,1
wheaten_terrier_146,1,1,1,1
scottish_terrier_175,1,1,1,1
Ragdoll_134,1,1,1,1
wheaten_terrier_107,1,1,1,1
great_pyrenees_189,1,1,1,1
scottish_terrier_150,0,0,0,0
Maine_Coon_56,1,1,0,0
leonberger_135,1,1,1,1
great_pyrenees_55,0,0,0,0
great_pyrenees_71,1,1,1,1
pomeranian_11,1,1,1,1
Persian_49,1,1,1,1
samoyed_71,1,0,0,0
Russian_Blue_1,1,1,1,1
great_pyrenees_131,1,1,1,1
pug_1,0,0,0,0
german_shorthaired_196,1,1,1,1
american_bulldog_169,0,1,1,1
miniature_pinscher_140,1,1,1,1
leonberger_186,0,0,0,0
leonberger_122,0,1,0,0
Siamese_233,1,0,0,1
saint_bernard_69,1,0,0,1
Egyptian_Mau_198,1,1,1,1
Bengal_169,1,0,1,0
Abyssinian_225,0,0,0,0
american_pit_bull_terrier_140,0,1,1,1
havanese_131,0,1,1,1
samoyed_67,1,1,1,1
american_bulldog_66,1,1,1,1
Birman_23,1,1,1,1
beagle_179,0,0,0,1
havanese_11,1,0,0,0
Bengal_18,1,1,1,1
basset_hound_82,1,1,1,1
staffordshire_bull_terrier_39,1,1,1,1
Birman_179,0,0,0,0
english_cocker_spaniel_63,0,0,0,0
scottish_terrier_69,0,0,0,1
miniature_pinscher_69,1,1,1,0
pomeranian_70,0,0,0,0
english_setter_100,1,1,1,1
staffordshire_bull_terrier_123,1,1,1,1
Sphynx_167,1,1,0,0
boxer_162,1,1,1,1
Russian_Blue_130,1,1,1,1
Persian_128,1,1,1,1
Ragdoll_5,0,0,0,1
British_Shorthair_169,1,1,1,1
german_shorthaired_116,1,1,1,1
japanese_chin_118,0,0,0,0
german_shorthaired_138,0,0,0,0
Ragdoll_30,1,1,1,1
Russian_Blue_55,0,0,0,0
keeshond_159,1,0,1,1
keeshond_146,1,0,0,0
saint_bernard_151,1,1,1,1
saint_bernard_90,0,0,0,1
Bombay_140,1,1,1,0
Birman_107,0,0,0,0
shiba_inu_85,1,1,1,0
staffordshire_bull_terrier_21,0,1,1,1
scottish_terrier_29,1,1,1,1
english_cocker_spaniel_25,0,0,0,0
wheaten_terrier_13,0,0,1,1
Ragdoll_118,1,1,0,1
samoyed_105,1,0,0,0
Bombay_68,0,0,0,0
Sphynx_99,1,1,1,0
boxer_126,1,1,1,1
pug_48,1,0,0,0
scottish_terrier_143,0,0,0,1
British_Shorthair_275,1,1,1,1
Russian_Blue_114,0,0,0,0
saint_bernard_31,1,0,1,1
yorkshire_terrier_2,1,1,1,1
pomeranian_38,0,0,0,0
pug_183,0,0,0,0
american_pit_bull_terrier_30,1,0,0,0
boxer_114,0,0,0,0
Russian_Blue_147,1,1,1,1
leonberger_177,0,0,0,0
saint_bernard_91,0,0,0,1
japanese_chin_44,1,0,0,1
Egyptian_Mau_74,1,0,1,1
great_pyrenees_86,0,0,0,0
english_setter_164,0,0,0,0
english_setter_77,0,0,0,0
staffordshire_bull_terrier_24,0,0,0,0
pug_60,1,1,1,1
Abyssinian_98,0,0,0,1
saint_bernard_85,1,1,1,1
staffordshire_bull_terrier_179,0,0,0,1
Bengal_170,1,1,1,0
american_pit_bull_terrier_69,1,1,1,1
english_setter_98,0,0,1,1
Bengal_133,1,1,1,1
scottish_terrier_71,0,0,0,0
pomeranian_117,0,0,0,0
Bombay_170,0,0,1,1
Bombay_141,0,1,1,1
Siamese_131,0,0,0,1
chihuahua_82,0,0,0,0
Ragdoll_199,1,1,1,1
British_Shorthair_145,0,0,0,0
Ragdoll_197,1,0,0,1
British_Shorthair_37,1,1,1,1
Bombay_220,1,1,1,0
shiba_inu_146,1,1,1,1
Bengal_81,0,1,1,0
scottish_terrier_108,0,0,0,0
British_Shorthair_241,0,1,1,1
pomeranian_137,0,0,0,1
samoyed_181,1,1,1,1
great_pyrenees_179,0,0,0,0
american_bulldog_74,1,1,1,1
samoyed_190,1,0,0,1
american_bulldog_158,1,1,1,1
boxer_113,0,1,1,0
shiba_inu_41,1,0,0,0
pug_52,1,0,0,0
leonberger_88,1,1,1,1
Egyptian_Mau_48,1,0,0,0
english_cocker_spaniel_113,0,1,1,0
english_setter_43,0,0,0,0
pug_103,0,0,0,0
leonberger_39,0,0,0,0
english_setter_188,1,1,1,1
Russian_Blue_123,0,0,0,1
Ragdoll_101,1,1,1,1
Ragdoll_195,1,0,0,1
Maine_Coon_227,0,0,0,1
shiba_inu_208,1,1,1,1
staffordshire_bull_terrier_175,1,1,1,0
great_pyrenees_95,0,0,0,0
Bombay_84,0,0,0,1
shiba_inu_127,1,1,1,1
Siamese_140,1,1,1,1
staffordshire_bull_terrier_102,0,0,0,0
english_cocker_spaniel_114,1,1,1,1
saint_bernard_135,0,1,1,1
german_shorthaired_163,1,1,1,1
boxer_86,1,1,1,1
Egyptian_Mau_197,1,1,1,0
leonberger_172,0,0,0,1
Sphynx_36,1,1,1,1
american_bulldog_179,1,1,1,1
chihuahua_99,0,1,0,1
Persian_138,0,0,0,0
Bombay_24,0,0,0,0
miniature_pinscher_173,0,0,0,0
wheaten_terrier_6,0,0,0,0
english_setter_13,0,0,0,1
Bombay_131,1,1,1,0
Egyptian_Mau_28,0,0,0,0
english_cocker_spaniel_150,0,0,0,1
Bombay_129,0,1,1,1
english_cocker_spaniel_118,0,0,0,0
Egyptian_Mau_120,1,1,1,1
pomeranian_33,1,1,1,1
wheaten_terrier_32,0,1,1,1
basset_hound_171,1,1,1,1
beagle_35,0,0,0,1
leonberger_52,0,1,1,0
american_pit_bull_terrier_167,0,0,0,1
samoyed_139,1,1,1,1
keeshond_143,0,0,0,1
shiba_inu_101,1,1,0,0
american_bulldog_129,0,0,0,0
american_pit_bull_terrier_194,0,1,1,1
shiba_inu_113,0,0,0,0
wheaten_terrier_190,0,1,1,1
Maine_Coon_21,0,1,0,1
leonberger_157,1,1,1,1
german_shorthaired_66,1,1,1,1
pomeranian_45,0,0,0,0
Birman_9,1,1,1,1
havanese_20,0,0,0,1
german_shorthaired_105,1,1,1,1
Maine_Coon_32,1,1,1,1
Birman_8,0,1,1,1
basset_hound_37,1,0,0,1
english_cocker_spaniel_141,1,1,1,1
american_bulldog_16,1,1,1,1
Russian_Blue_33,1,1,1,0
english_setter_144,1,1,1,1
Siamese_162,1,1,1,0
shiba_inu_103,0,0,0,0
scottish_terrier_94,1,1,1,1
beagle_197,1,1,1,1
leonberger_45,1,1,1,1
american_bulldog_187,0,0,1,1
pomeranian_106,0,0,1,1
Sphynx_146,0,1,1,1
newfoundland_157,0,0,0,0
leonberger_137,1,1,1,1
leonberger_101,1,0,1,1
miniature_pinscher_181,0,1,1,1
Bengal_71,0,0,0,0
english_setter_146,0,0,0,1
saint_bernard_51,1,1,1,1
beagle_192,1,1,1,1
Maine_Coon_128,1,1,1,1
yorkshire_terrier_13,1,1,1,0
english_cocker_spaniel_26,1,1,1,1
Abyssinian_110,0,0,0,0
pomeranian_158,0,0,0,0
beagle_140,1,1,1,1
keeshond_26,0,0,0,0
Russian_Blue_43,0,0,0,0
pug_43,0,0,0,0
german_shorthaired_46,1,1,1,0
english_setter_95,0,1,1,0
Russian_Blue_208,0,0,0,0
Sphynx_137,0,0,0,1
wheaten_terrier_170,0,0,0,0
Bengal_121,0,0,0,0
yorkshire_terrier_30,0,0,0,1
staffordshire_bull_terrier_128,0,1,1,1
shiba_inu_60,1,0,0,1
Birman_75,0,0,0,1
Maine_Coon_76,1,1,1,1
British_Shorthair_107,0,0,0,0
newfoundland_96,0,1,1,1
saint_bernard_191,0,0,0,1
japanese_chin_75,0,0,0,0
Siamese_97,1,1,1,1
Persian_147,1,1,1,1
Bengal_91,1,1,1,1
german_shorthaired_77,0,0,0,0
shiba_inu_144,1,1,1,1
wheaten_terrier_7,0,0,0,1
german_shorthaired_87,0,1,1,1
havanese_195,0,1,1,1
great_pyrenees_69,0,1,1,1
chihuahua_69,0,0,0,1
Bengal_96,1,1,1,1
Birman_95,1,0,0,1
pug_28,0,0,0,0
Ragdoll_191,0,0,0,1
leonberger_129,0,0,0,1
staffordshire_bull_terrier_163,1,1,1,1
german_shorthaired_43,0,0,0,0
wheaten_terrier_44,1,1,1,1
miniature_pinscher_108,1,0,0,0
great_pyrenees_99,0,1,1,1
beagle_204,1,1,1,1
yorkshire_terrier_77,1,1,1,1
Ragdoll_182,1,0,0,1
japanese_chin_74,0,0,0,0
japanese_chin_165,1,1,1,1
leonberger_11,1,1,1,1
english_setter_6,1,1,1,1
Persian_267,0,0,0,0
german_shorthaired_189,1,1,1,1
samoyed_98,0,0,0,1
basset_hound_188,1,1,1,1
chihuahua_160,0,0,0,0
samoyed_12,0,0,0,0
basset_hound_166,1,1,1,0
Abyssinian_44,0,0,0,0
wheaten_terrier_124,0,0,0,0
pug_45,1,1,1,1
pomeranian_85,0,0,0,0
Egyptian_Mau_147,1,1,1,1
shiba_inu_47,0,0,0,0
samoyed_159,0,0,0,0
samoyed_74,0,0,0,0
Bombay_61,0,1,1,1
samoyed_1,1,0,0,1
boxer_75,1,1,1,1
japanese_chin_143,1,1,1,1
basset_hound_191,1,1,1,1
boxer_24,1,1,1,1
wheaten_terrier_188,1,1,1,1
Maine_Coon_205,1,1,1,1
leonberger_57,1,1,1,1
leonberger_99,1,1,1,1
english_setter_56,1,0,1,1
British_Shorthair_9,1,0,1,1
english_cocker_spaniel_41,0,1,1,1
Egyptian_Mau_97,0,1,1,1
newfoundland_174,1,0,0,1
german_shorthaired_183,1,1,1,1
Sphynx_249,0,1,1,1
american_pit_bull_terrier_200,1,1,1,1
boxer_170,0,0,0,0
staffordshire_bull_terrier_19,0,1,1,0
keeshond_174,0,0,0,0
Abyssinian_144,1,1,0,0
havanese_133,0,0,1,1
Maine_Coon_17,1,0,0,1
