George_Robertson_0019,1,1,1,1
Cherie_Blair_0003,1,0,0,0
Winston_Churchill_0001,1,1,1,1
Mike_Weir_0003,1,1,1,1
Mike_Weir_0001,0,0,1,1
Kim_Jin-sun_0001,0,1,1,1
Alejandro_Fernandez_0001,0,0,1,1
Pierce_Brosnan_0004,1,1,1,1
Alvaro_Noboa_0003,0,0,0,0
Jesse_Jackson_0005,1,1,1,1
Albert_Brooks_0001,1,1,1,1
Marquis_Estill_0001,1,1,1,1
Joe_Lieberman_0005,1,1,1,1
Rainer_Gut_0001,0,1,1,0
Jacques_Chirac_0023,1,1,1,1
Roh_Moo-hyun_0011,0,0,1,1
Keith_Fotta_0001,0,1,1,1
Akiko_Morigami_0001,1,1,1,1
Antonio_Trillanes_0003,1,1,1,1
William_Donaldson_0006,0,0,0,0
Frank_Lautenberg_0002,0,1,1,1
Isabelle_Huppert_0002,1,1,1,1
Urmila_Matondkar_0001,0,1,1,1
Peter_Struck_0002,1,1,1,1
Masja_Juel_0001,0,0,0,0
Brad_Garrett_0002,1,1,1,1
Queen_Elizabeth_II_0013,1,1,1,1
Sharon_Robinson_0001,1,1,1,1
Tina_Andrews_0001,1,1,1,1
Robert_Mueller_0002,1,1,1,1
Colin_Powell_0042,0,0,1,1
Silvio_Berlusconi_0004,0,1,1,1
Anna_Kournikova_0002,1,1,1,1
Thomas_Malchow_0002,1,1,1,1
Serena_Williams_0004,0,1,1,1
Eduard_Shevardnadze_0003,1,1,1,1
Jack_LaLanne_0001,1,1,1,1
Cathy_Freeman_0001,1,1,1,1
Don_Siegelman_0002,1,1,1,1
Frank_Cassell_0003,0,1,1,1
Abdullah_al-Attiyah_0001,0,0,0,0
Supachai_Panitchpakdi_0001,1,1,1,1
Tony_Blair_0114,0,0,0,0
Richard_Gephardt_0011,0,1,1,1
Denzel_Washington_0003,0,0,0,0
Halle_Berry_0016,1,1,1,1
Sheryl_Crow_0006,1,1,1,1
George_Bovell_0001,1,1,1,1
Christian_Longo_0002,1,1,1,1
Mike_Stefanik_0001,0,0,0,0
Hal_Sellers_0001,0,0,0,0
Joe_Mantello_0002,0,0,1,1
Hamid_Efendi_0001,0,0,1,1
George_W_Bush_0193,1,1,1,1
Jack_Straw_0018,1,1,1,1
Ryan_Leaf_0001,1,1,1,1
Colin_Powell_0216,1,1,1,1
Junko_Tabei_0001,1,1,1,1
Guillermo_Coria_0009,1,1,1,1
Joseph_Biden_0005,1,1,1,1
Jennifer_Capriati_0023,1,1,1,1
Tony_Blair_0133,1,1,1,1
Ricardo_Lagos_0015,1,0,0,0
Gray_Davis_0025,1,1,1,1
Tommy_Thompson_0010,1,1,1,1
Atal_Bihari_Vajpayee_0009,1,0,0,1
Chin-Feng_Chen_0001,1,1,1,1
Guillermo_Coria_0010,1,1,1,1
Tino_Martinez_0001,0,0,0,0
Karen_Mok_0002,0,0,0,0
Mehmet_Okur_0001,0,0,0,1
Zavad_Zarif_0001,1,1,1,1
Jesse_Jackson_0004,1,1,1,1
Peter_Bacanovic_0002,1,1,1,1
Recep_Tayyip_Erdogan_0023,1,1,1,0
Aicha_El_Ouafi_0003,1,1,1,1
Tom_Curley_0001,1,1,1,0
Ramon_Ponce_de_Leon_0001,1,1,1,1
Jacques_Chirac_0020,1,0,0,0
Jay_Leno_0002,1,1,1,1
Gerhard_Schroeder_0022,1,1,1,1
Saddam_Hussein_0011,1,1,1,1
George_W_Bush_0519,1,1,1,1
Ernest_Hollings_0001,1,1,1,1
Bill_Simon_0013,1,1,1,1
Nathan_Doudney_0001,1,1,1,1
James_McGreevey_0002,1,1,1,1
Rebekah_Chantay_Revels_0003,1,1,1,1
Mikhail_Wehbe_0002,1,1,1,1
Nicole_Kidman_0010,0,0,0,1
Hillary_Clinton_0002,1,1,1,1
Bill_Frist_0001,1,1,1,1
Marc_Gold_0001,1,1,1,1
Ariel_Sharon_0062,1,1,1,1
Tony_Blair_0108,1,1,1,1
Colin_Powell_0140,1,1,1,1
Latrell_Sprewell_0002,1,1,1,1
Leah_Remini_0001,1,1,1,1
Carlos_Vives_0002,0,1,1,1
Chandrika_Kumaratunga_0001,1,1,1,1
Glen_DaSilva_0001,1,1,1,1
Vladimir_Putin_0012,0,0,0,1
Jennifer_Aniston_0012,1,1,1,1
George_W_Bush_0007,1,1,1,1
Gideon_Yago_0001,0,0,0,0
Gerhard_Schroeder_0091,1,1,1,1
Vladimir_Putin_0007,1,1,1,1
Adam_Sandler_0001,1,1,1,1
Hugo_Chavez_0066,1,1,1,1
Junichiro_Koizumi_0016,1,1,1,1
Donald_Keyser_0001,1,1,1,1
Steven_Spielberg_0005,1,1,1,0
Raag_Singhal_0001,1,1,1,1
Enrique_Bolanos_0005,0,1,1,1
Lucio_Gutierrez_0007,0,1,1,1
Paul_Bremer_0017,1,1,1,1
Silvio_Berlusconi_0024,1,1,1,1
George_W_Bush_0504,1,1,1,1
Prince_William_0001,1,1,1,1
Jennifer_Rodriguez_0002,1,1,0,0
George_Voinovich_0002,1,1,1,1
Peter_Ahearn_0001,1,1,1,1
Colin_Powell_0102,1,1,1,1
Pete_Sampras_0010,1,1,1,1
Joe_Torre_0001,1,1,0,0
Ajit_Agarkar_0001,0,0,0,1
Kim_Ryong-sung_0010,0,1,1,1
Gerry_Adams_0007,1,1,1,1
Russell_Crowe_0002,0,0,0,0
Cheryl_Tiegs_0001,0,1,1,1
David_Modell_0001,1,1,1,1
Geno_Auriemma_0001,1,1,1,1
Phil_Vassar_0002,0,0,0,0
George_W_Bush_0437,1,1,0,0
Nick_Rahall_0001,1,1,1,1
Alejandro_Avila_0002,0,0,1,1
Donald_Fehr_0003,0,0,1,1
Makiya_Ali_Hassan_0001,1,1,1,1
John_Ashcroft_0010,1,1,1,1
Michael_Capellas_0001,1,1,1,1
Catherine_Deneuve_0003,0,0,1,1
Tyrone_Medley_0001,1,1,1,1
David_Heymann_0005,1,1,1,1
Tom_Brennan_0001,1,1,1,1
Tariq_Aziz_0002,1,1,1,1
Alain_Ducasse_0001,0,0,0,0
Stockard_Channing_0003,1,0,1,1
Ana_Palacio_0005,1,1,1,1
Vanessa_Williams_0003,1,1,1,1
Ariel_Sharon_0067,1,1,1,1
Hillary_Clinton_0006,1,1,1,1
Abdullah_Gul_0001,1,1,1,1
Luis_Rosario_Huertas_0001,1,1,1,1
Hamid_Karzai_0011,0,0,0,0
Tony_Blair_0019,1,1,1,1
Gloria_Macapagal_Arroyo_0009,1,1,1,1
Wim_Duisenberg_0001,1,1,1,1
Lim_Dong-won_0002,1,1,1,1
Elmar_Brok_0001,1,1,1,1
Donald_Rumsfeld_0081,1,1,1,1
Alvaro_Uribe_0029,1,1,1,1
Colin_Powell_0139,1,1,1,1
Bill_Clinton_0026,1,1,1,1
Sheryl_Crow_0002,1,1,1,1
Lynn_Redgrave_0003,0,0,0,0
Geoffrey_Rush_0001,1,1,1,1
Ratna_Sari_Dewi_Sukarno_0001,1,1,1,1
Matt_Damon_0001,0,0,0,0
Eric_Clapton_0001,1,1,1,1
Jay_Garner_0001,1,1,1,1
Leland_Chapman_0001,0,1,1,1
Anna_Kournikova_0005,0,1,1,1
Jiang_Zemin_0011,1,1,0,0
James_Cunningham_0003,1,1,1,1
Arye_Mekel_0001,0,1,1,1
Colin_Powell_0061,1,0,0,0
Peter_Hartz_0001,1,1,1,1
Tim_Jones_0001,1,1,1,1
Catherine_Zeta-Jones_0007,1,1,1,1
Jacques_Rogge_0010,1,1,1,1
Ariel_Sharon_0054,1,1,1,1
Bill_Clinton_0009,1,1,1,1
James_McPherson_0001,1,0,0,0
Ronnie_Jagday_0001,1,0,1,1
Paul_McCartney_0001,0,1,0,1
Michael_Douglas_0006,1,1,1,1
Erika_Harold_0005,1,1,1,1
Marc_Grossman_0004,1,1,1,1
Jean_Chretien_0035,1,1,1,1
Jose_Santos_0001,1,1,1,1
Kobe_Bryant_0001,1,1,1,1
Peter_Arnett_0002,1,1,1,1
Jiang_Zemin_0012,1,1,1,1
Gerhard_Schroeder_0032,1,1,1,1
Sarah_Price_0001,1,1,1,1
Igor_Ivanov_0012,1,1,1,1
Atiabet_Ijan_Amabel_0001,1,1,1,1
Paul_Coppin_0002,1,1,1,1
Donald_Rumsfeld_0111,1,0,0,0
Laura_Bush_0037,1,1,1,1
Jeanne_Moreau_0002,0,0,1,0
Art_Howe_0004,1,1,1,1
Juan_Carlos_Ferrero_0002,1,1,1,1
Alejandro_Toledo_0022,0,0,0,1
Li_Ruihuan_0001,1,1,1,1
Nicole_Kidman_0001,1,0,0,0
Jimmy_Carter_0006,1,1,1,1
Ana_Isabel_Sanchez_0001,0,0,0,0
Saddam_Hussein_0005,0,1,1,1
Lindsay_Lohan_0001,0,1,1,1
DAngelo_Jimenez_0001,1,1,1,1
Karin_Stoiber_0002,0,0,0,0
George_W_Bush_0451,1,1,1,1
Sebastian_Porto_0001,1,1,1,1
Frank_Shea_0001,0,0,0,0
George_W_Bush_0338,0,0,0,0
John_Negroponte_0020,0,1,1,1
James_Kirtley_0001,1,1,1,0
Keiko_Sofia_Fujimori_0001,1,1,1,1
Tom_Craddick_0002,1,1,1,1
Nicole_Kidman_0012,1,1,1,1
Jamling_Norgay_0002,1,1,1,1
Mark_Philippoussis_0003,0,1,1,1
Claudio_Lopez_0001,1,1,1,1
Gerhard_Schroeder_0062,1,1,1,1
Kim_Yun-kyu_0001,1,1,1,0
Han_Sung_Joo_0001,1,1,1,1
Chen_Tsai-chin_0001,1,1,1,1
Jerome_Jenkins_0001,1,1,1,1
Kate_Hudson_0006,1,1,1,1
Nathirah_Hussein_0001,1,1,1,1
Kelvin_Sampson_0002,1,1,1,1
Enrique_Bolanos_0001,0,0,0,0
Ana_Palacio_0006,1,1,1,1
Junichiro_Koizumi_0031,1,1,1,1
John_McCain_0001,1,1,1,1
Shae-Lynn_Bourne_0001,1,1,1,1
Tamara_Brooks_0001,0,0,0,0
Bill_Graham_0002,1,1,1,0
Gary_Carter_0003,1,1,1,1
Rita_Wilson_0004,0,0,1,1
David_Howard_0001,1,1,1,0
Debra_Brown_0002,0,0,1,1
John_Eastman_0001,1,1,1,0
Lionel_Hampton_0001,1,1,1,1
Nicole_Kidman_0002,1,1,1,1
Coretta_Scott_King_0002,1,1,1,1
Tiger_Woods_0016,0,0,0,1
Bijan_Darvish_0002,0,0,0,1
Keith_Van_Horn_0001,1,1,1,1
Gloria_Macapagal_Arroyo_0037,1,1,1,1
Nestor_Kirchner_0027,1,1,1,1
Hector_Mitelman_0001,0,0,1,0
Tony_Blair_0137,1,1,1,1
Curt_Weldon_0001,0,0,0,1
Tony_Blair_0053,1,1,1,1
Marieta_Chrousala_0001,1,1,1,1
Jason_Vale_0001,1,1,1,1
Martin_Cauchon_0002,1,1,1,1
Guillermo_Coria_0006,1,1,1,1
Wayne_Ferreira_0003,0,1,1,1
George_W_Bush_0401,1,1,1,1
Larry_Ellison_0003,0,1,1,1
Chris_Cooper_0002,1,1,1,1
Thomas_Ferguson_0001,1,1,1,1
Tyra_Banks_0001,1,1,1,1
Jennifer_Capriati_0033,0,1,1,1
Robert_F_Kennedy_Jr_0001,1,1,1,1
Lance_Armstrong_0001,1,1,1,1
Gerhard_Schroeder_0060,1,1,1,1
Junichiro_Koizumi_0048,1,1,1,1
Laurie_Hobbs_0001,0,0,0,0
Wen_Jiabao_0006,1,1,1,0
Roger_Clemens_0002,1,1,1,1
Liu_Xiaoqing_0001,1,0,0,0
Tracee_Ellis_Ross_0001,0,0,0,0
Michael_McNeely_0001,1,0,0,1
John_Bolton_0016,1,0,1,1
David_Coulthard_0002,1,1,1,1
Richard_Krajicek_0003,1,1,1,1
Jose_Maria_Aznar_0011,1,0,0,0
Ashton_Kutcher_0002,1,1,1,1
Inocencio_Arias_0002,1,1,1,1
Bill_Frist_0006,1,1,1,1
Carlos_Moya_0002,0,1,1,1
Suh_Young-hoon_0001,1,1,1,1
Mark_Philippoussis_0002,0,1,1,1
Mike_Samp_0001,1,1,1,1
David_Montoya_0001,1,1,1,1
Marieta_Chrousala_0003,0,0,0,0
Colin_Montgomerie_0001,1,1,1,1
Anastasia_Myskina_0001,1,0,0,1
Vladimir_Putin_0047,1,1,1,1
Ringo_Starr_0001,1,1,1,1
Peter_Gilmour_0001,1,1,1,1
George_W_Bush_0525,1,1,1,1
Ray_Romano_0005,1,1,1,1
Jean_Chretien_0040,1,1,1,1
Shoshana_Johnson_0001,1,1,1,1
Mae_Jemison_0001,1,1,0,0
Ahmed_Lopez_0001,1,1,1,1
Elton_John_0007,1,1,1,1
Dan_Reeves_0001,1,1,1,1
Lleyton_Hewitt_0002,1,1,1,1
Luis_Pujols_0001,1,1,1,1
Renee_Zellweger_0017,1,1,1,1
Benjamin_Franklin_0001,0,1,1,1
Julien_Varlet_0001,1,1,1,1
Peter_Lundgren_0001,1,1,1,1
Naomi_Watts_0011,1,0,0,0
Muhammad_Saeed_al-Sahhaf_0004,0,1,1,1
Almeida_Baptista_0001,1,1,1,1
Alastair_Campbell_0001,1,1,1,1
Stefano_Accorsi_0002,1,0,0,0
BJ_Habibie_0001,1,1,1,1
Michalis_Chrisohoides_0001,1,1,1,1
Dimitri_Perricos_0001,1,1,1,1
Joschka_Fischer_0013,1,1,1,1
Bill_Clinton_0010,1,0,0,0
Dick_Cheney_0011,1,1,1,1
Hernan_Crespo_0001,1,1,1,1
Megawati_Sukarnoputri_0019,1,1,1,1
Daniel_Chin_0001,1,1,1,1
Miranda_Otto_0001,1,0,1,1
Jennifer_Aniston_0009,0,0,1,1
Kofi_Annan_0005,1,1,1,1
Barry_Diller_0001,0,1,1,1
Spike_Jonze_0001,1,1,1,1
Joseph_Biden_0004,1,1,1,1
Donald_Rumsfeld_0002,1,1,1,1
Lee_Soo-hyuck_0001,1,1,1,1
LeBron_James_0002,1,1,1,1
George_W_Bush_0398,1,1,1,1
Leonid_Kuchma_0004,0,0,0,0
Frank_Solich_0003,1,1,1,1
Hugo_Chavez_0050,1,1,1,1
Joseph_Blatter_0001,1,1,1,1
Larry_Thompson_0001,0,0,0,0
Vanessa_Redgrave_0003,1,1,1,1
Larry_Beinfest_0001,1,1,1,1
William_Shatner_0001,1,1,1,1
Gina_Gershon_0001,0,0,0,0
Tommy_Thompson_0005,1,1,1,1
Laura_Bush_0012,1,1,1,1
Peter_Mackay_0001,1,1,1,1
Donald_Rumsfeld_0062,1,1,1,1
John_Ashcroft_0023,1,1,1,1
Sheila_Wellstone_0002,1,1,1,1
Jorge_Alberto_Galindo_0001,0,1,1,0
Jennifer_Capriati_0009,0,1,1,1
Abdullah_Gul_0019,1,1,1,1
Jane_Clayson_0001,0,0,0,0
Colin_Powell_0219,1,0,0,1
John_Barnett_0001,1,1,1,1
Jean-Pierre_Raffarin_0004,1,1,1,1
Pete_Sampras_0007,1,1,1,1
Tony_Blair_0057,1,1,1,1
Al_Sharpton_0006,1,0,0,0
Henk_Bekedam_0001,1,1,1,1
David_Wells_0003,1,1,1,1
Henry_Kissinger_0001,1,1,1,0
James_Kelly_0001,1,1,1,1
Sue_Grafton_0001,0,0,0,0
Queen_Elizabeth_II_0005,1,0,0,0
Ariel_Sharon_0003,1,1,1,1
Hugh_Carey_0001,1,1,1,1
Saburo_Kawabuchi_0002,1,1,1,1
Rick_Rickert_0001,1,1,1,1
Elaine_Stritch_0001,1,1,1,1
Jean-Francois_Pontal_0001,1,1,1,1
Cruz_Bustamante_0004,1,1,1,1
George_W_Bush_0495,1,1,1,1
Gary_Winnick_0001,0,0,0,0
Edward_Egan_0001,1,1,1,1
Justine_Pasek_0004,1,1,1,0
Matthew_During_0001,1,0,0,0
Gerhard_Schroeder_0004,1,1,1,1
George_W_Bush_0094,1,1,1,1
Raul_Ibanez_0001,1,1,1,1
Celine_Dion_0006,1,1,1,1
Abdullah_Gul_0013,1,1,0,0
Jan_van_Breda_Kolff_0001,1,1,1,1
Claire_Hentzen_0002,0,0,0,0
Jeong_Se-hyun_0002,1,1,1,1
Jacques_Chirac_0024,0,0,1,1
Abdullah_Gul_0005,1,1,1,0
Ed_Book_0001,1,1,1,1
Stanley_Tong_0001,0,0,0,1
Kelsey_Grammer_0001,0,0,0,0
Richard_Gephardt_0008,1,1,1,1
Adam_Sandler_0003,1,1,1,1
Alvaro_Silva_Calderon_0003,1,1,1,1
Pamela_Anderson_0003,1,0,1,0
Surya_Bahadur_Thapa_0001,1,1,1,1
Kathie_Louise_Saunders_0001,0,0,0,0
Nestor_Kirchner_0023,1,0,0,0
Vladimir_Putin_0031,0,1,1,1
George_W_Bush_0080,1,1,1,1
Peter_Struck_0004,0,1,1,1
Nicanor_Duarte_Frutos_0007,0,0,0,0
Silvio_Berlusconi_0017,0,0,1,1
Jacques_Chirac_0005,1,1,1,1
Jim_Schwarz_0001,1,1,1,1
Todd_MacCulloch_0001,1,1,1,1
Roh_Moo-hyun_0001,1,1,1,1
George_W_Bush_0431,1,1,1,1
Harrison_Ford_0010,0,0,1,1
Colin_Powell_0124,1,1,1,1
Katrin_Cartlidge_0001,0,1,1,1
Colin_Powell_0138,0,0,1,1
Venus_Williams_0017,1,1,1,1
Donald_Rumsfeld_0089,1,0,0,1
Jonathan_Edwards_0007,1,0,0,0
Lee_Soo-hyuck_0002,1,1,1,1
Junichiro_Koizumi_0041,1,1,1,1
Michael_Schumacher_0006,1,0,0,1
Mikhail_Kasyanov_0003,1,1,1,1
Michael_Capellas_0002,1,1,1,1
Lleyton_Hewitt_0029,1,1,1,1
Manuela_Montebrun_0001,1,1,1,1
Stefanie_De_Roux_0001,1,1,1,0
Adrien_Brody_0011,1,1,1,1
Tatiana_Shchegoleva_0001,1,1,1,1
Juan_Pablo_Montoya_0002,1,1,1,1
Cruz_Bustamante_0005,1,1,1,1
Julian_Fantino_0001,0,1,1,1
Martin_Scorsese_0001,1,1,1,1
Benazir_Bhutto_0001,0,0,0,0
Albaro_Recoba_0001,1,1,1,1
Heidi_Klum_0001,1,1,1,1
Bruce_Springsteen_0004,1,1,1,1
Carly_Gullickson_0001,1,1,0,1
Lech_Walesa_0002,0,1,1,1
Igor_Ivanov_0009,1,0,0,0
Steffi_Graf_0002,1,1,1,0
Anthony_Scott_Miller_0001,0,0,0,0
Serena_Williams_0001,1,1,1,1
Sophia_Loren_0007,1,1,1,1
Randy_Jackson_0001,0,0,0,0
Dennis_Hastert_0003,1,1,1,0
Junichiro_Koizumi_0058,0,1,1,1
Billy_Joel_0001,1,1,1,1
Gregg_Popovich_0004,1,1,1,1
Larry_Ralston_0001,1,1,1,1
Jamie_Villafane_0001,1,1,1,1
Paul_Martin_0001,1,1,1,1
Eliane_Karp_0004,1,1,1,1
Nestor_Kirchner_0005,1,1,1,0
Clare_Latimer_0001,0,0,0,0
Romano_Prodi_0005,1,1,1,1
Greg_Ostertag_0002,1,1,1,1
Sourav_Ganguly_0003,1,1,1,1
David_Westerfield_0001,1,1,1,1
Paul_Wolfowitz_0006,1,0,1,1
Nicole_Kidman_0006,1,1,1,1
Ascencion_Barajas_0001,0,0,0,0
Pete_Sampras_0006,1,1,1,1
Gary_Winnick_0002,1,1,1,1
Nona_Gaye_0001,1,1,1,1
Sue_Wicks_0002,1,1,1,1
Charlene_Barshefsky_0001,0,0,1,1
Ozzy_Osbourne_0003,1,1,1,1
Sandy_Wise_0001,1,1,1,1
Toshi_Izawa_0001,1,1,1,1
Johnny_Unitas_0001,0,0,0,0
Arnold_Schwarzenegger_0024,1,1,1,1
Jean_Chretien_0027,1,1,1,1
Donald_Rumsfeld_0047,1,1,1,1
Orrin_Hatch_0001,1,1,1,1
Sachiko_Yamada_0004,1,1,1,1
Jiri_Novak_0003,1,1,1,1
Andy_Roddick_0014,1,1,1,1
Joseph_Biden_0001,1,1,1,1
Carlos_Moya_0011,1,1,1,1
Tom_Ridge_0007,1,1,1,1
Takaloo_0001,1,1,1,1
Candie_Kung_0002,1,0,1,1
Noah_Wyle_0002,1,1,1,1
Ariel_Sharon_0046,0,0,0,0
George_W_Bush_0303,1,1,1,1
Ariel_Sharon_0015,0,1,1,1
Jennifer_Lopez_0006,1,1,1,1
Xanana_Gusmao_0004,1,1,1,1
Bridget_Fonda_0003,1,1,1,1
Maria_Garcia_0001,1,1,1,1
Larry_Thompson_0003,0,1,1,1
Lope_Mendoza_0001,1,1,1,1
Muhammad_Ali_0007,0,1,1,1
Walter_Woods_0001,1,1,1,1
Jacqueline_Marris_0001,1,1,1,1
Benazir_Bhutto_0002,1,0,1,1
Todd_Haynes_0004,1,1,1,1
William_Ford_Jr_0004,1,1,1,1
Michael_Schumacher_0010,1,1,1,1
Gregory_Hines_0002,1,1,1,1
Queen_Elizabeth_II_0004,0,0,0,0
Justine_Henin_0003,1,1,1,1
Kristin_Davis_0002,0,1,1,0
Mahmoud_Abbas_0005,1,1,1,1
Gerhard_Schroeder_0033,1,1,1,1
Carlos_Alberto_0001,1,0,0,1
Lawrence_Roberts_0001,1,1,1,1
Walter_Mondale_0006,1,1,1,1
Kristin_Scott_0001,1,1,1,1
Yu_Shyi-kun_0001,0,1,1,1
Greg_Gilbert_0001,1,1,1,1
Jack_Straw_0001,1,1,1,1
Stockard_Channing_0002,1,0,1,1
Jonathan_Fine_0001,1,1,1,1
Sergio_Vieira_De_Mello_0006,1,1,1,1
Robert_Blake_0008,1,1,1,1
Pierce_Brosnan_0003,1,1,1,1
Jeong_Se-hyun_0004,1,1,1,1
Win_Aung_0001,0,0,1,1
Julie_Taymor_0001,1,1,1,1
Martie_Maguire_0001,1,1,1,1
Ben_Kingsley_0001,1,0,0,0
Jim_Tressel_0004,1,1,1,1
Lindsay_Davenport_0020,1,1,1,1
Anne_Donovan_0001,1,1,1,1
Alexa_Vega_0001,1,1,1,1
Yao_Ming_0003,1,1,1,1
Leslie_Ann_Woodward_0001,1,1,1,1
Mark_Shapiro_0001,1,1,1,1
Martina_Hingis_0003,1,1,1,1
Pringe_Ernst_August_0001,1,1,1,1
Roberto_Canessa_0001,1,1,1,1
Michael_Lopez-Alegria_0001,1,1,1,0
Recep_Tayyip_Erdogan_0018,1,1,1,1
Colin_Prescot_0001,1,1,1,1
Serena_Williams_0038,1,1,1,1
Mariangel_Ruiz_Torrealba_0003,0,0,0,0
Michael_Kahn_0001,1,1,1,1
Laila_Ali_0002,1,1,1,1
George_W_Bush_0526,1,1,1,1
Michael_Bloomberg_0001,1,1,1,1
Inam-ul-Haq_0002,1,1,1,1
Martha_Stewart_0001,0,0,0,0
Rod_Paige_0001,1,1,1,1
Clint_Eastwood_0002,1,1,1,1
Alan_Stonecipher_0001,1,1,1,1
Mike_Leach_0001,1,1,1,1
Ryan_Newman_0001,1,1,1,1
Lisa_Gottsegen_0001,1,1,1,1
James_Brosnahan_0001,1,1,1,1
Jennifer_Aniston_0014,1,1,1,1
Hun_Sen_0004,1,0,0,1
Pascal_Affi_Nguessan_0001,1,1,1,1
Jennifer_Connelly_0001,0,0,0,1
Desiree_McKenzie_0001,1,1,1,1
Paul_ONeill_0001,1,1,1,1
Ricardo_Lagos_0010,0,0,0,0
Tony_Blair_0066,1,1,1,1
Yasser_Arafat_0008,1,1,1,1
Emma_Thompson_0003,1,0,1,1
Marco_Archer_Cardoso_Moreira_0001,1,1,1,1
George_W_Bush_0272,1,1,1,1
Anna_Kournikova_0004,1,1,1,1
Rani_Mukherjee_0001,1,1,1,0
Yasser_Arafat_0007,1,1,1,1
Gus_Van_Sant_0002,0,0,0,0
George_W_Bush_0388,0,1,1,1
Rick_Romley_0003,0,0,1,1
Gloria_Macapagal_Arroyo_0018,1,1,1,1
Qian_Qichen_0001,1,1,1,1
Meryl_Streep_0001,1,1,1,1
Lindsay_Benko_0001,1,1,1,1
Jada_Pinkett_Smith_0001,1,1,1,1
George_W_Bush_0091,0,0,0,0
Ian_Knop_0001,0,0,0,0
Khin_Nyunt_0001,1,1,1,1
Hal_Sutton_0001,1,1,1,1
Robert_Zoellick_0007,1,1,1,1
Colin_Powell_0039,1,1,1,1
Ishaq_Shahryar_0002,1,1,1,1
Valentino_Rossi_0002,0,1,1,0
Natasa_Micic_0001,0,1,1,1
Li_Zhaoxing_0007,1,1,1,1
Pedro_Malan_0004,1,1,1,1
Celine_Dion_0005,1,1,1,1
Gloria_Macapagal_Arroyo_0028,1,1,1,1
Alvaro_Silva_Calderon_0002,1,1,1,1
John_Belushi_0001,0,1,1,1
John_McEnroe_0001,1,1,1,1
Joe_Friedberg_0001,0,1,1,1
George_W_Bush_0497,1,1,1,0
Bill_Graham_0005,1,1,1,1
Paul_Tagliabue_0001,1,1,1,1
Leszek_Miller_0003,1,1,0,0
Muhammad_Ali_0003,1,1,1,0
Mohammaed_Ahmad_Al_Jarallah_0001,1,1,1,1
Perri_Shaw_0001,0,1,1,1
Ariel_Sharon_0058,1,1,1,1
Julie_Gerberding_0014,1,0,0,1
Astrid_Betancourt_0001,1,1,1,1
Chris_Crocker_0001,1,1,1,1
Elton_John_0005,1,1,1,1
George_W_Bush_0311,1,1,1,1
Tom_Sizemore_0001,1,1,1,1
Enrique_Bolanos_0002,1,1,1,1
Carol_Williams_0001,1,1,1,1
Ronald_White_0001,0,1,1,1
Julie_Gerberding_0005,1,1,1,1
Tommy_Franks_0002,1,1,1,1
Sylvester_Stallone_0006,1,1,1,1
Carolina_Kluft_0003,1,1,1,1
George_W_Bush_0304,1,0,0,1
Carlos_Menem_0004,1,1,1,1
Jim_Freudenberg_0001,1,1,1,1
Megawati_Sukarnoputri_0011,1,1,1,1
Tony_Blair_0016,1,1,1,1
John_Negroponte_0023,1,1,1,1
Li_Peng_0009,1,1,1,1
Jose_Alencar_0001,0,1,1,1
Leslie_Moonves_0001,1,1,1,1
James_Blake_0014,1,1,1,1
Eduard_Shevardnadze_0001,0,1,1,0
Gerhard_Schroeder_0064,1,1,1,1
Daniel_Comisso_Urdaneta_0001,1,1,1,1
Wang_Yingfan_0002,1,1,1,1
Michael_Friedman_0001,0,0,0,0
Paul_Burrell_0005,1,1,1,1
Ramon_Santana_0001,1,1,1,1
Tony_Blair_0001,1,1,1,1
Steve_Ballmer_0002,1,1,1,1
Wu_Peng_0001,1,1,1,1
Ernie_Els_0003,0,0,0,1
Robert_Duvall_0006,1,1,1,1
Theodore_Tweed_Roosevelt_0002,1,0,1,1
Lleyton_Hewitt_0024,1,1,1,1
Jennifer_Lopez_0021,1,1,1,1
Fruit_Chan_0001,1,1,1,1
Tim_Henman_0014,1,0,0,1
Carla_Moreno_0001,0,0,0,0
Alvaro_Uribe_0028,1,0,1,1
Sophia_Loren_0005,1,0,0,0
Masao_Azuma_0001,1,1,1,1
Kristanna_Loken_0004,1,1,1,1
Jacques_Chirac_0001,1,1,1,1
Geoff_Hoon_0006,0,0,0,0
Gloria_Macapagal_Arroyo_0033,1,0,1,1
Shafal_Mosed_0001,0,0,0,0
Juan_Roman_Carrasco_0001,1,1,1,1
Mary-Kate_Olsen_0003,1,1,1,1
Lleyton_Hewitt_0013,1,1,1,1
John_Leguizamo_0001,1,1,1,1
Alvaro_Uribe_0020,0,0,0,1
Jacques_Chirac_0010,1,1,1,1
Franko_Simatovic_0001,1,1,1,1
Prince_Naruhito_0001,0,1,1,1
Hans_Blix_0029,1,1,1,1
Hitomi_Soga_0001,1,1,1,1
Junichiro_Koizumi_0025,1,1,1,1
Dave_Williams_0001,1,1,1,1
Daisy_Fuentes_0003,0,0,0,0
Hu_Jintao_0010,1,1,1,1
Recep_Tayyip_Erdogan_0011,1,1,1,1
Jacques_Rogge_0007,0,1,1,1
George_W_Bush_0011,0,0,0,0
Ekke_Hard_Forberg_0001,1,1,1,1
Colin_Powell_0119,1,1,1,1
Jean-David_Levitte_0002,1,1,1,1
George_W_Bush_0521,1,0,0,0
James_McMahon_0001,1,1,1,1
John_McCormack_0001,1,1,1,1
Wu_Yi_0002,1,1,1,1
Sandra_Bullock_0001,1,1,1,1
Gray_Davis_0006,0,0,0,0
Halle_Berry_0001,1,1,1,1
Colin_Powell_0217,1,1,1,1
Jason_Campbell_0001,1,1,1,1
Nelson_Shanks_0001,0,1,0,1
Megawati_Sukarnoputri_0025,1,1,1,1
Serena_Williams_0015,1,1,1,1
Charles_Taylor_0004,1,1,1,1
Paul_ONeill_0007,1,0,0,0
Rob_Marshall_0003,0,0,1,1
Jaromir_Jagr_0001,0,0,0,0
George_W_Bush_0370,1,0,0,0
Andrea_Bocelli_0001,1,1,1,1
Sigourney_Weaver_0001,0,0,0,1
John_Abizaid_0003,1,1,1,1
Javier_Delgado_0001,0,1,1,1
Maria_Sanchez_Lorenzo_0001,1,1,1,1
Geraldine_Chaplin_0003,0,1,1,1
Charlton_Heston_0002,0,0,1,1
Luiz_Inacio_Lula_da_Silva_0010,0,0,0,0
James_Kelly_0005,1,0,0,0
Hun_Sen_0002,1,1,1,1
Jack_Straw_0024,1,1,1,1
Begum_Khaleda_Zia_0001,1,0,0,0
Muhammad_Saeed_al-Sahhaf_0002,1,1,1,0
Martin_ONeill_0001,1,1,1,1
Fernando_Leon_de_Aranoa_0001,1,1,1,1
Alejandro_Toledo_0037,0,0,0,0
Imad_Moustapha_0001,1,1,1,1
Abdel_Nasser_Assidi_0002,1,1,1,1
Julianne_Moore_0016,1,1,1,1
Javier_Solana_0006,0,0,0,0
Dragan_Covic_0001,1,1,1,1
Kevin_Costner_0001,0,0,0,0
Iran_Brown_0001,0,0,0,0
Rick_Wagoner_0001,1,1,1,1
Donald_Rumsfeld_0018,1,1,1,1
Hee-Won_Han_0001,0,0,0,0
Marc_Grossman_0002,1,1,1,1
Michael_Winterbottom_0002,1,1,1,1
Natalia_Vodonova_0001,1,1,1,1
John_Jumper_0001,1,1,0,0
Paul_Vathis_0001,0,1,0,1
Donald_Rumsfeld_0088,0,0,0,0
Carolyn_Dawn_Johnson_0002,0,0,0,0
Steven_Seagal_0001,1,1,0,0
John_Rusnak_0001,1,1,1,1
Carlos_Ghosn_0001,0,1,0,1
Terry_Semel_0001,0,0,0,1
Juan_Carlos_Ferrero_0021,1,1,1,1
George_W_Bush_0047,1,1,1,1
Dan_Monson_0001,1,1,1,0
Julien_Boutter_0001,1,1,1,1
Robert_De_Niro_0001,0,1,1,1
John_Bolton_0003,0,1,1,1
Douglas_Gansler_0001,1,1,1,1
Britney_Spears_0012,1,1,1,1
Vivica_Fox_0001,0,0,0,0
Mitch_Kupchak_0001,1,1,1,1
Simona_Hradil_0001,1,1,1,1
Sharon_Davis_0001,1,1,1,1
Colin_Powell_0112,1,1,1,1
Tony_Blair_0125,1,1,0,0
Thomas_Rupprath_0002,1,1,1,1
Tommy_Franks_0003,1,0,0,0
Muffet_McGraw_0001,1,1,1,1
Colin_Powell_0198,1,1,1,1
Eric_Rosser_0002,1,1,1,1
Jennifer_Lopez_0016,0,0,1,0
Steven_Curtis_Chapman_0001,1,1,1,1
George_W_Bush_0513,1,1,1,1
Charles_Taylor_0008,0,0,0,0
Ray_Romano_0003,1,1,1,1
Mark_Mulder_0001,1,1,1,1
Arlen_Specter_0001,1,1,1,1
Alec_Baldwin_0001,1,0,0,0
Kevin_Costner_0007,0,0,0,1
Vincent_Brooks_0003,1,1,1,1
Maribel_Dominguez_0001,0,0,1,1
Fabian_Vargas_0001,1,0,1,0
Vanessa_Incontrada_0003,1,0,0,0
Bill_Bradley_0001,1,1,1,1
MC_Hammer_0001,1,1,1,1
Pierre_Pettigrew_0002,1,1,1,1
Diana_Munz_0003,0,0,0,0
Faisal_Iqbal_0001,1,1,1,1
Tang_Jiaxuan_0010,1,1,1,1
Ray_Halbritter_0001,1,1,1,1
Nelson_Mandela_0004,1,1,1,1
George_W_Bush_0254,0,0,0,0
Jose_Maria_Aznar_0008,0,0,0,0
Bill_King_0001,0,1,1,1
Sally_Kirkland_0004,0,0,0,1
JK_Rowling_0006,0,0,0,0
Christina_Aguilera_0003,0,0,0,0
Jose_Maria_Aznar_0001,1,1,1,1
George_W_Bush_0083,1,1,1,1
Lleyton_Hewitt_0039,1,1,1,1
Joey_Mantia_0001,0,0,0,1
Elsa_Zylberstein_0006,1,1,1,1
Ariel_Sharon_0053,1,1,1,1
Jean_Chretien_0054,1,1,1,1
Brad_Russ_0001,1,1,1,1
George_W_Bush_0242,1,1,1,1
Jim_Harrick_0002,1,1,1,1
William_Harrison_0001,1,1,1,1
Alexis_Bledel_0001,1,1,1,1
Hipolito_Mejia_0004,1,1,1,1
Terry_Gilliam_0001,0,0,0,0
Bob_Hope_0002,0,0,1,1
Jerry_Falwell_0002,1,1,1,1
Nicole_Kidman_0011,0,0,0,1
Hugo_Chavez_0068,1,1,1,1
Micky_Arison_0001,1,1,1,1
Colin_Powell_0097,1,1,1,1
Leni_Bjorklund_0001,1,1,1,1
Lisa_Marie_Presley_0002,1,1,1,1
George_W_Bush_0391,0,0,0,0
Jose_Jose_0001,0,0,0,0
Donald_Rumsfeld_0114,1,1,1,1
Donald_Rumsfeld_0050,0,0,0,0
John_Bolton_0009,1,0,1,1
Arsinee_Khanjian_0002,0,0,0,1
Emma_Nicholson_0001,1,1,1,1
Katie_Harman_0001,1,1,1,0
Brian_Clemens_0001,0,0,0,1
Herb_Sendek_0001,1,1,1,1
Abdullah_0002,1,1,1,1
Jerry_Bruckheimer_0001,0,0,0,0
Jean_Charest_0014,1,1,1,1
Geoff_Hoon_0003,1,1,1,1
Robert_Witt_0002,0,0,0,1
Ruben_Sierra_0001,0,0,0,0
Mark_Everson_0001,1,0,0,0
Charles_Moose_0005,1,1,1,1
Carolina_Moraes_0002,1,1,1,1
Arnold_Schwarzenegger_0007,1,1,1,1
Julian_Battle_0001,0,0,0,1
Roger_Federer_0002,1,1,1,1
Patty_Schnyder_0002,1,1,1,1
Tom_Koenigs_0001,1,1,1,1
David_Anderson_0002,1,1,1,1
Tom_Crean_0005,1,1,1,1
George_W_Bush_0077,1,1,1,1
Hans_Blix_0030,1,1,1,1
Brian_Mulroney_0001,1,1,1,1
Anne_ONeil_0001,1,1,1,1
Barry_Collier_0001,1,1,1,1
Talal_Keenaan_0001,1,1,1,1
Sergey_Lavrov_0009,1,1,1,1
Robin_Cook_0002,1,1,1,0
Dale_Earnhardt_Jr_0001,1,1,1,1
Oscar_De_La_Hoya_0006,1,1,1,1
Alan_Jackson_0001,1,1,1,1
Dyana_Calub_0001,0,1,1,0
Jacques_Chirac_0031,1,1,1,1
Jennifer_Renee_Short_0001,0,0,1,1
Tina_Pisnik_0001,0,0,0,1
Serena_Williams_0021,1,1,1,1
Yuri_Fedotov_0001,1,1,1,1
Jack_Straw_0007,1,1,1,1
Allan_Wagner_0001,1,1,1,1
Elena_Tihomirova_0001,1,1,1,1
Donatella_Versace_0003,1,1,0,0
Brian_Mulroney_0002,1,1,1,1
Alvaro_Noboa_0001,1,0,1,1
Kofi_Annan_0023,1,1,0,0
Adam_Ant_0001,1,1,1,1
Omar_Sharif_0004,1,1,1,1
Felicity_Huffman_0001,1,1,1,1
Roberto_Carlos_0004,1,1,1,1
Guillermo_Coria_0003,1,1,1,1
Roger_Penske_0001,1,1,1,1
Meryl_Streep_0010,1,1,1,1
John_Bolton_0008,1,1,1,1
Arnold_Schwarzenegger_0023,0,0,0,1
Tamara_Mowry_0001,1,1,1,1
Xiang_Huaicheng_0001,1,1,1,1
John_Negroponte_0006,1,1,1,1
Mohammad_Khatami_0007,1,1,1,1
Mitchell_McLaughlin_0001,1,1,1,1
Natalie_Coughlin_0001,1,0,1,1
Trisha_Meili_0001,0,0,0,1
Mel_Brooks_0001,0,0,0,1
George_W_Bush_0160,1,1,1,1
Gerhard_Schroeder_0006,1,1,1,1
Ross_Verba_0001,0,0,0,0
Ariel_Sharon_0070,1,1,1,1
Otto_Reich_0001,1,1,1,1
Vicente_Fox_0011,1,1,1,1
Anne_Heche_0001,1,1,1,1
Alejandro_Toledo_0028,1,1,1,1
Ari_Fleischer_0003,0,0,0,0
Britney_Spears_0001,0,1,1,1
Carlos_Manuel_Pruneda_0001,0,0,0,1
Anthony_Rackauckas_0001,1,1,1,1
Luiz_Inacio_Lula_da_Silva_0039,1,1,1,1
Rick_Pitino_0002,1,1,1,1
Bob_Huggins_0002,0,0,1,0
Rick_Stansbury_0001,0,1,1,1
Li_Peng_0001,0,1,1,1
Michael_Douglas_0003,1,1,1,1
Joe_Darrell_0001,0,0,0,0
Ann_Veneman_0008,1,1,1,1
Adam_Rich_0001,0,0,0,0
Zhang_Ziyi_0004,1,1,1,1
Juan_Carlos_Ferrero_0003,0,0,1,1
Alicia_Witt_0001,0,0,0,0
Jesse_Harris_0002,1,1,1,1
Rick_Barnes_0003,1,1,1,1
Heinz_Feldmann_0003,1,1,1,1
John_Ashcroft_0048,0,0,0,1
John_Ashcroft_0005,1,1,1,1
Jose_Maria_Aznar_0023,1,1,1,1
Tang_Jiaxuan_0007,1,1,1,1
John_Snow_0008,0,1,1,1
Robert_Duvall_0004,1,1,1,1
Donald_Rumsfeld_0015,1,1,1,1
Jennifer_Capriati_0002,1,1,1,1
Jean-Francois_Pontal_0002,1,1,1,1
Donald_Rumsfeld_0093,1,1,1,1
Ernie_Fletcher_0001,1,1,1,0
Ron_Dittemore_0005,1,1,1,1
David_Przybyszewski_0001,1,1,1,1
Vladimir_Putin_0021,1,1,1,1
Lleyton_Hewitt_0016,1,1,1,1
George_W_Bush_0226,1,1,1,0
Jacques_Rogge_0008,1,1,1,1
George_W_Bush_0120,1,1,1,1
Hamza_Atiya_Muhsen_0001,1,0,1,1
Thomas_Wilkens_0001,1,1,1,1
Gerhard_Schroeder_0039,1,1,1,1
Yoriko_Kawaguchi_0011,1,1,1,1
Roger_Mahony_0001,1,1,1,1
Al_Sharpton_0002,1,1,1,1
Hideki_Matsui_0001,1,1,1,1
Susilo_Bambang_Yudhoyono_0002,0,1,1,1
Robert_Gordon_Card_0001,0,0,0,1
George_W_Bush_0381,1,1,1,0
Angela_Mascia-Frye_0001,1,1,1,1
Julie_Gerberding_0003,1,1,1,1
Mikhail_Wehbe_0003,1,1,1,1
Paul_Bremer_0006,1,1,1,1
George_W_Bush_0415,1,0,1,1
Kieran_Culkin_0001,1,0,0,0
George_W_Bush_0321,1,1,1,1
Itamar_Franco_0001,1,1,1,1
Keith_Lockhart_0001,1,0,0,1
Amanda_Bynes_0002,1,1,1,1
Edmund_Stoiber_0013,1,1,1,1
Kimi_Raikkonen_0002,1,1,1,1
Paul_Bremer_0013,1,1,1,1
George_W_Bush_0474,1,1,1,1
Carlos_Ortega_0002,1,1,1,1
Gabriel_Batistuta_0002,1,1,1,1
Sergei_Ivanov_0002,1,1,1,1
Megawati_Sukarnoputri_0010,1,1,1,1
Ariel_Sharon_0032,0,0,0,0
Amer_al-Saadi_0004,1,1,1,1
Luciano_Pavarotti_0003,1,1,1,1
Mauro_Viza_0001,0,1,1,1
Valentino_Rossi_0006,1,1,1,0
Andre_Agassi_0007,1,1,1,1
Alvaro_Uribe_0007,1,1,1,1
Victoria_Clarke_0005,0,0,0,0
Sophia_Loren_0006,1,1,1,1
Jean-David_Levitte_0007,0,1,1,1
Natasha_McElhone_0003,1,1,1,1
Hugo_Chavez_0015,0,0,0,1
Ali_Adbul_Karim_Madani_0001,1,1,1,1
Ben_Curtis_0002,1,1,1,0
George_W_Bush_0050,1,1,1,1
Mario_Cipollini_0001,1,1,1,1
Mohammed_Al-Douri_0005,1,1,1,1
Rod_Stewart_0001,1,1,1,1
Robert_Duvall_0003,1,1,1,0
Jim_Wessling_0001,0,0,0,1
Jacqueline_Obradors_0001,1,1,1,1
George_W_Bush_0508,1,1,1,1
Kate_Hudson_0005,1,1,1,1
Matthew_Perry_0004,1,1,1,1
Marion_Barry_0001,1,1,1,1
Jean_Charest_0005,0,0,0,0
Martha_Beatriz_Roque_0002,1,1,1,1
James_Harris_0001,0,0,0,0
Hans_Blix_0019,1,0,0,0
Barbara_Walters_0004,1,1,1,1
Alejandro_Toledo_0029,1,1,1,1
James_Layug_0001,1,1,1,1
Laura_Bush_0001,0,0,0,0
Greg_Gilbert_0002,0,0,0,0
Yekaterina_Guseva_0001,1,0,0,1
Malak_Habbak_0001,1,0,0,0
Arnaud_Clement_0001,1,1,1,1
Joan_Laporta_0001,1,1,1,1
Zafarullah_Khan_Jamali_0002,1,1,1,1
Gerhard_Schroeder_0042,1,0,0,0
Erin_Hershey_Presley_0001,1,1,1,1
Alejandro_Lopez_0001,0,1,1,0
Gerhard_Schroeder_0001,1,1,1,1
Fidel_Castro_0002,1,0,0,0
Jennifer_Keller_0002,0,1,1,0
Rupert_Murdoch_0001,0,0,0,0
Ulrich_Kueperkoch_0001,1,1,1,0
Gavyn_Davies_0001,1,0,0,1
Strom_Thurmond_0001,1,1,1,1
Leslie_Caldwell_0003,0,0,0,0
Max_Mosley_0001,1,1,1,0
Terje_Roed-Larsen_0002,1,1,1,0
Steve_Coterill_0001,0,0,0,0
Jennifer_Lopez_0014,1,1,1,0
Martha_Stewart_0004,1,1,1,1
Robin_Wagner_0001,1,1,1,1
Nabil_Shaath_0001,1,1,1,1
Tom_Reilly_0001,1,1,1,1
Junichiro_Koizumi_0032,0,1,1,1
Matt_Herden_0001,1,1,1,1
Dorthy_Moxley_0001,0,0,1,1
Don_Flanagan_0001,1,1,1,1
Francois_Botha_0001,1,0,0,0
Cuba_Gooding_Jr_0001,1,1,1,1
Megawati_Sukarnoputri_0022,1,1,1,1
Jodie_Kidd_0001,1,1,1,1
Colin_Powell_0202,1,1,1,1
Carlos_Moya_0004,1,1,1,1
Colin_Powell_0067,1,0,0,1
Ludivine_Sagnier_0003,1,0,0,1
Edmund_Stoiber_0005,0,1,1,0
Tony_Blair_0049,0,0,0,0
Patricia_Phillips_0001,0,0,0,0
Jan_Ullrich_0003,1,1,1,1
Jonathan_Karsh_0001,1,1,1,1
Gerard_de_Cortanze_0001,1,0,0,1
Laura_Linney_0001,1,1,1,1
Jason_Jennings_0001,0,0,0,0
Gerard_Depardieu_0002,1,0,0,1
Kirk_Johnson_0002,1,1,1,1
Richard_Branson_0002,1,1,1,0
Edward_Lu_0005,1,1,1,1
Amelie_Mauresmo_0015,1,0,0,0
Elin_Nordegren_0001,1,1,0,0
Wilfredo_Moreno_0001,1,1,1,1
Akbar_Hashemi_Rafsanjani_0001,1,1,1,1
Juergen_Peters_0001,1,1,1,1
Zhang_Ziyi_0001,0,0,0,0
Howard_Smith_0002,1,1,1,1
Paul_Martin_0007,0,1,1,1
Lee_Hoi-chang_0001,1,1,1,1
Tom_Harkin_0002,1,1,1,1
Alan_Dershowitz_0001,1,1,1,1
Robert_Blackwill_0002,0,0,0,1
Gloria_Macapagal_Arroyo_0015,1,1,1,1
Lidija_Djukanovic_0001,1,1,1,1
Jean_Chretien_0012,1,0,0,1
Trent_Lott_0006,1,0,1,1
Jennifer_Aniston_0003,1,1,1,1
Jeanette_Gray_0001,1,1,1,1
Megawati_Sukarnoputri_0006,1,0,1,1
Brad_Johnson_0004,1,0,0,1
Alicia_Silverstone_0002,0,0,0,0
Tony_Blair_0081,1,0,0,0
Vladimir_Putin_0002,1,1,1,1
Juan_Carlos_Ortega_0001,1,1,1,1
Rien_Long_0001,1,0,0,1
Tony_Blair_0131,1,1,1,1
Evan_Rachel_Wood_0001,1,1,1,1
Ray_Bradbury_0001,0,1,1,1
Todd_Parrott_0001,1,1,1,1
Laurent_Jalabert_0002,1,1,1,0
Sharon_Osbourne_0002,0,0,0,0
Tommy_Amaker_0001,0,1,1,1
Spencer_Abraham_0014,1,1,1,0
Hermann_Maier_0001,1,1,1,1
Emma_Watson_0005,0,0,0,0
Branko_Crvenkovski_0001,1,1,1,1
Carolina_Kluft_0001,0,1,1,1
Bill_Paxton_0001,0,0,0,0
Abdoulaye_Wade_0001,1,1,1,1
Rick_Pitino_0004,0,1,1,1
Mario_Dumont_0002,0,0,0,0
Christina_Sawaya_0001,1,1,1,1
Shane_Warne_0002,1,1,1,1
David_Beckham_0028,1,1,1,1
Julianna_Margulies_0001,1,1,1,1
Jim_Greenwood_0001,1,1,0,0
Mahmoud_Abbas_0024,1,1,1,1
Herb_Sendek_0004,1,1,1,1
Nestor_Kirchner_0033,1,1,1,1
Luis_Ernesto_Derbez_Bautista_0006,1,1,1,1
Warren_Buffett_0002,1,1,1,1
Stanley_Ho_0001,1,1,1,1
Maggie_Smith_0002,1,1,1,1
Nestor_Kirchner_0010,1,1,1,1
Fabrice_Santoro_0002,1,1,1,1
Liv_Tyler_0001,1,1,1,1
David_Scott_Morris_0001,1,0,0,0
George_W_Bush_0394,0,1,1,1
Will_Young_0001,1,1,1,1
Thomas_OBrien_0001,0,0,0,0
Guillaume_Soro_0002,1,1,1,1
Lesley_Flood_0001,0,1,1,1
Tony_Blair_0032,0,0,0,0
Adelina_Avila_0001,1,1,1,1
Carla_Gugino_0001,0,0,0,0
Paul_Desmarais_0001,1,1,1,1
John_Warner_0002,1,1,1,1
Gerhard_Schroeder_0071,1,0,0,0
Ilan_Goldfajn_0001,1,1,1,1
John_Darby_0001,1,1,1,1
Rudolph_Giuliani_0002,1,1,1,1
Andre_Agassi_0035,1,0,0,0
Allison_Searing_0001,1,1,1,1
Derek_Jeter_0003,0,1,1,1
Mike_Matthews_0001,1,1,1,1
Sebastien_Grosjean_0004,0,1,1,0
Amelie_Mauresmo_0008,1,1,1,0
Nestor_Kirchner_0031,1,1,1,1
Janet_Thorpe_0002,1,1,1,1
Jimmy_Kimmel_0001,0,0,0,0
Alexander_Losyukov_0003,1,1,1,1
Marissa_Jaret_Winokur_0002,0,0,0,0
Dennis_Miller_0001,1,1,1,1
Jimmy_Carter_0007,1,1,1,1
Halle_Berry_0006,1,1,1,1
Mariam_Ali_Hassan_0001,1,1,1,1
John_Swofford_0001,1,1,1,1
Gregor_Gysi_0001,1,1,1,1
Gray_Davis_0015,1,1,1,1
Daniela_Hantuchova_0002,1,1,1,1
Hitomi_Soga_0004,1,1,1,1
Mukesh_Ambani_0001,1,1,1,1
John_Negroponte_0030,1,1,1,1
Lance_Armstrong_0006,0,0,0,0
Paul_McNulty_0001,1,1,0,1
George_W_Bush_0152,1,1,1,1
Ryan_Drese_0001,0,0,0,0
Duane_Lee_Chapman_0001,0,1,1,1
Chris_Cookson_0001,1,1,1,1
Pervez_Musharraf_0004,1,1,1,1
Tim_Duncan_0003,1,1,1,1
Tony_Blair_0058,0,0,0,0
Gordon_Brown_0009,1,1,1,1
Donald_Rumsfeld_0017,1,1,1,1
Buzz_Hargrove_0001,1,1,1,0
David_Nalbandian_0007,1,0,0,1
Lloyd_Mudiwa_0001,1,1,0,0
Colin_Powell_0034,1,1,1,1
Mark_Gottfried_0002,0,0,0,0
Momcilo_Perisic_0001,1,0,0,1
Horst_Koehler_0001,1,1,1,1
Nizar_Trabelsi_0001,0,0,0,1
Barbara_Brezigar_0002,1,1,1,1
Jennifer_Garner_0002,1,1,1,1
Walid_Al-Awadi_0001,1,1,1,0
Carla_Myers_0001,0,1,0,0
David_Beckham_0017,1,1,1,1
Donald_Rumsfeld_0024,0,0,0,0
Bob_Graham_0004,1,1,1,1
Rob_Lowe_0003,1,0,0,0
Jack_Straw_0019,0,1,1,1
Clive_Lloyd_0001,1,1,1,0
Sergio_Vieira_De_Mello_0008,1,1,1,1
Colin_Powell_0090,0,0,0,1
Tony_Blair_0144,1,1,1,1
Lindsey_Graham_0002,1,1,1,1
Hana_Makhmalbaf_0001,1,0,0,1
Naomi_Watts_0005,1,1,1,1
Darren_Clarke_0002,1,1,0,0
Rick_Perry_0001,1,1,1,1
Elliott_Mincberg_0001,1,1,1,1
Alain_Cervantes_0001,1,1,1,1
Jose_Sarney_0003,1,1,1,1
Elgin_Baylor_0001,1,1,1,1
Bill_Self_0001,1,1,1,1
Arminio_Fraga_0003,1,1,1,1
Jamie_Kellner_0001,0,1,1,1
Gregory_Hines_0001,1,1,1,1
Pak_Gil_Yon_0001,1,1,1,1
George_W_Bush_0427,1,1,1,1
Tom_Daschle_0024,1,1,1,0
Rachel_Leigh_Cook_0001,0,0,0,0
Christopher_Reeve_0004,1,1,1,0
Bill_McBride_0005,1,1,1,1
Monica_Vergara_0001,1,1,1,1
Princess_Elisabeth_0002,0,0,1,1
George_W_Bush_0240,1,0,0,0
Queen_Latifah_0004,1,1,1,1
Terry_McAuliffe_0001,1,1,1,1
Steffi_Graf_0001,1,1,1,1
Adriana_Perez_Navarro_0001,1,1,1,0
Vladimir_Putin_0030,1,1,1,1
Junichiro_Koizumi_0057,0,0,1,1
Laura_Bush_0034,0,0,0,0
Vladimir_Putin_0028,1,1,1,1
Antonio_Banderas_0002,1,1,1,1
Billy_Crystal_0004,1,1,1,1
Yoon_Young-kwan_0001,0,0,0,0
Gary_Sayler_0001,1,0,1,1
Cole_Chapman_0001,1,1,1,1
Joaquin_Sanchez_0001,1,1,1,1
Jolanta_Kwasniewski_0001,1,1,1,1
Ariel_Sharon_0074,0,0,1,1
Kirk_Doerger_0001,1,1,1,1
Silvio_Berlusconi_0020,1,1,1,1
Elizabeth_Regan_0001,0,0,1,0
Meryl_Streep_0012,1,1,1,1
Ann_Veneman_0007,1,1,1,0
Robert_Horan_0002,1,1,1,1
Bill_Belichick_0002,1,1,1,1
Ali_Abbas_0002,1,1,1,1
Janice_Goldfinger_0001,1,1,1,1
Michael_Diekmann_0001,0,0,0,1
Alex_Cejka_0001,0,0,0,0
Gian_Marco_0002,1,1,1,1
Robert_Mugabe_0001,0,1,1,1
Rohman_al-Ghozi_0001,1,1,1,1
Bijan_Darvish_0003,1,1,1,1
Ted_Costa_0001,1,1,1,1
Gerhard_Schroeder_0075,1,1,1,1
Doug_Collins_0001,1,1,0,0
Timothy_McVeigh_0001,0,0,1,1
Prakash_Hinduja_0001,0,0,0,1
Stuart_Knoll_0001,1,0,1,1
Hee-Won_Han_0002,1,0,0,1
Jim_Flaherty_0001,1,1,1,1
Frank_Marshall_0001,1,1,0,0
Alejandro_Toledo_0027,0,0,0,1
Arminio_Fraga_0002,1,1,1,1
Hugh_Grant_0005,1,1,1,1
Mahmoud_Abbas_0003,0,0,0,0
Mark_McClellan_0001,1,1,1,1
Emily_Robison_0001,0,0,0,0
Hayley_Tullett_0001,1,1,1,1
Julio_Toro_0001,1,1,1,1
Romano_Prodi_0002,0,0,0,1
Yoo_Jay-Kun_0001,1,1,1,1
Priscilla_Owen_0002,1,1,1,1
Andrei_Mikhnevich_0002,1,0,0,0
Graciano_Rocchigiani_0001,0,1,0,0
George_Lopez_0003,0,0,0,0
Wang_Yi_0001,0,0,1,0
Yao_Ming_0005,1,1,1,1
Ana_Guevara_0006,1,1,1,1
Mike_Babcock_0002,0,0,0,1
Barbara_Esbin_0001,1,1,1,1
Leonard_Hamilton_0001,1,1,1,1
Elizabeth_Smart_0003,0,0,0,0
Beyonce_Knowles_0001,1,1,1,1
Lee_Nam-shin_0001,0,1,1,0
Binyamin_Ben-Eliezer_0007,1,1,1,1
Rupert_Grint_0003,0,0,0,0
Kevin_Spacey_0004,0,0,1,1
Britney_Spears_0008,1,1,1,1
Shigeru_Ishiba_0001,1,1,1,1
Hushiar_Zebari_0001,1,1,1,1
Monica_Bellucci_0003,1,1,1,1
Alastair_Campbell_0004,1,1,1,1
Antonio_Banderas_0004,1,1,1,1
Gabriel_Valdes_0001,1,1,1,1
Joan_Laporta_0007,0,0,0,0
Jay_Garner_0003,0,1,0,1
Rose_Marie_0001,1,1,1,1
David_Provost_0001,0,0,0,0
George_Robertson_0018,0,0,1,1
Wei_Wu_0001,1,1,1,1
Tang_Jiaxuan_0008,0,1,1,1
Jack_Straw_0028,1,1,0,1
Roh_Moo-hyun_0026,1,1,1,1
Kenny_Brack_0001,1,1,1,1
Ricky_Ray_0001,1,1,1,1
Nicole_Kidman_0018,0,0,0,0
Nasser_al-Kidwa_0002,0,0,0,1
Rubens_Barrichello_0001,1,1,1,1
Serena_Williams_0023,1,0,1,1
Len_Jenoff_0002,1,1,1,1
Shireen_Amir_Begum_0001,1,1,1,1
Michael_Richards_0001,0,0,0,0
Binyamin_Ben-Eliezer_0002,1,1,1,1
Andre_Agassi_0030,1,1,1,1
Gene_Robinson_0005,1,1,1,1
Charles_Grassley_0002,1,1,1,1
Marisa_Tomei_0002,0,0,0,0
Heidi_Klum_0005,1,1,1,1
Cindy_Margolis_0002,1,1,1,0
George_W_Bush_0059,1,0,0,0
Daniel_Rouse_0001,1,1,1,1
Halle_Berry_0002,1,1,1,1
Jack_Welch_0001,1,1,1,1
Marc_Racicot_0001,1,1,1,1
Tim_Allen_0003,1,1,1,1
Gonzalo_Sanchez_de_Lozada_0001,1,1,1,1
Ricky_Ponting_0002,1,1,1,1
Martin_McGuinness_0004,1,1,1,1
Tiger_Woods_0020,1,1,1,1
Meryl_Streep_0002,1,1,1,1
Alejandro_Atchugarry_0001,1,1,1,1
Kim_Clijsters_0008,0,0,0,0
William_Swor_0001,1,1,1,1
Brook_Robinson_0001,1,1,1,1
Dai_Bachtiar_0002,0,1,1,1
Daryl_Hannah_0002,1,1,1,0
Mike_Miller_0001,1,0,1,1
Nikki_Cascone_0001,0,0,0,1
Taha_Yassin_Ramadan_0002,1,1,1,1
Imelda_Marcos_0001,1,1,0,0
John_Kerry_0012,1,1,1,1
Gloria_Macapagal_Arroyo_0025,1,1,1,1
Barbra_Streisand_0003,1,1,1,1
Eli_Stutsman_0001,1,1,1,1
Hal_Gehman_0003,1,1,1,1
Flor_Montulo_0002,1,1,1,1
Queen_Silvia_0001,0,0,0,0
Junichiro_Koizumi_0003,0,0,0,0
Carlos_Menem_0020,1,1,1,1
Gil_de_Ferran_0004,1,1,1,1
Colin_Powell_0088,1,1,1,1
Jelena_Dokic_0002,1,1,1,1
Paul_Wellstone_0002,1,1,1,1
George_W_Bush_0244,0,1,1,1
Joschka_Fischer_0017,0,0,0,1
Joerg_Haider_0002,1,1,1,1
Xavier_Malisse_0003,1,1,1,1
Daryl_Jones_0001,1,1,1,0
Eric_Hinske_0002,1,1,1,1
Ai_Sugiyama_0005,1,1,1,1
Ralf_Schumacher_0003,1,0,1,1
Rudolph_Giuliani_0006,1,1,1,1
Jean_Chretien_0055,1,1,1,1
Jesse_Ventura_0001,1,1,1,1
Muhammad_Saeed_al-Sahhaf_0005,0,1,1,1
Mikulas_Dzurinda_0002,0,0,0,1
Paul_Wolfowitz_0007,1,1,1,1
George_W_Bush_0128,1,1,1,1
James_Hallock_0001,1,1,1,1
Alistair_MacDonald_0001,1,1,1,1
Colin_Farrell_0008,0,1,1,1
Dennis_Erickson_0001,0,1,1,1
Edwina_Currie_0001,1,1,1,1
Hans_Blix_0035,0,1,1,1
Heizo_Takenaka_0007,1,1,1,1
Barry_Hinson_0001,0,0,0,0
Meg_Wakeman_0001,1,1,1,1
Joanne_Duquette_0001,1,1,1,1
Cate_Blanchett_0002,0,1,1,1
John_Bolton_0017,1,0,1,1
Ron_Zook_0001,1,1,1,1
Chris_Claiborne_0001,0,0,0,0
Heizo_Takenaka_0003,1,1,1,0
Juan_Ignacio_Chela_0001,1,1,1,1
George_W_Bush_0468,1,1,1,1
Wilson_Alvarez_0001,1,1,1,1
Norah_Jones_0004,1,1,1,1
Richard_Armitage_0003,1,1,1,1
Mike_Flanagan_0001,1,1,1,1
Angela_Merkel_0005,1,1,1,1
Eliane_Karp_0002,1,0,1,1
Ron_Dittemore_0003,1,1,1,1
Sachin_Tendulkar_0001,1,1,1,1
Billy_Rork_0001,1,1,1,1
George_W_Bush_0324,0,0,0,1
Patsy_Mink_0001,0,0,0,0
Jacques_Chirac_0002,1,1,1,1
Job_Cohen_0001,1,1,1,1
Alex_Zanardi_0001,0,0,0,0
George_W_Bush_0201,1,1,1,1
Joseph_Biden_0002,0,0,0,1
Mohamed_ElBaradei_0002,1,1,1,1
Jeremy_Greenstock_0004,1,1,1,1
Habib_Rizieq_0002,1,0,1,0
Javier_Solana_0008,0,0,0,0
Catherine_Deneuve_0001,1,1,1,1
Hu_Jintao_0015,1,1,1,1
Carlos_Menem_0021,1,1,1,0
Kate_Winslet_0003,0,0,0,0
Angel_Lockward_0001,1,1,1,1
Fernando_Gonzalez_0005,1,1,1,1
Michael_Patrick_King_0002,0,0,0,1
Jean_Chretien_0008,1,1,1,1
William_Delahunt_0001,1,1,1,1
Rolandas_Paksas_0001,1,1,1,1
Monica_Lewinsky_0002,1,1,1,1
Donald_Keck_0001,0,0,0,0
Paula_Radcliffe_0004,1,1,1,1
Alvaro_Uribe_0002,1,1,1,1
Wang_Yingfan_0003,1,1,1,1
Max_Mayfield_0002,0,0,0,0
Molly_Sims_0001,1,1,1,1
Phoenix_Chang_0001,1,1,1,1
George_W_Bush_0289,0,1,1,1
Felix_Sanchez_0001,0,0,0,0
Uthai_Pimchaichon_0001,1,1,1,1
George_Clooney_0001,1,1,1,1
Mahathir_Mohamad_0006,1,1,1,1
Jim_Anderson_0001,0,0,1,1
Colin_Farrell_0009,1,1,1,1
Anna_Kournikova_0001,0,0,0,0
Lyle_Vanclief_0002,0,0,0,1
Lucie_Lapovsky_0001,1,1,1,1
Diana_Renee_Valdivieso_Dubon_0001,1,1,1,1
Saddam_Hussein_0002,1,1,1,1
Emanuel_Ginobili_0005,1,1,1,1
Jennifer_Aniston_0002,1,0,1,0
Megawati_Sukarnoputri_0015,1,0,0,0
Nia_Vardalos_0005,1,1,1,1
Sarah_Jessica_Parker_0005,0,0,1,0
Jake_Plummer_0001,1,0,0,1
Vladimir_Ustinov_0001,1,1,1,1
Paul_Reiser_0001,0,0,0,0
Terje_Roed-Larsen_0001,1,1,1,1
Sepp_Blatter_0004,1,1,1,1
Hu_Jintao_0009,1,1,1,1
Richard_Armitage_0005,0,0,0,0
Lane_Bryant_0001,1,1,1,1
Elizabeth_Hurley_0002,0,1,1,1
Dustan_Mohr_0001,1,1,1,1
Alberto_Sordi_0001,0,1,1,1
Omar_Vizquel_0001,1,1,1,1
Christina_Aguilera_0004,1,1,1,1
Gloria_Macapagal_Arroyo_0039,1,0,0,0
Rainer_Geulen_0001,0,0,1,1
Liam_Neeson_0003,1,1,1,1
Colin_Powell_0028,0,1,1,1
Joschka_Fischer_0019,1,1,1,1
Rick_Perry_0006,1,1,1,1
George_W_Bush_0228,1,1,1,1
Saddam_Hussein_0023,1,1,1,1
Sarah_Wynter_0001,1,1,1,1
Kim_Yong-il_0001,1,1,1,1
Joseph_Ralston_0001,1,1,1,1
Michelle_Rodriguez_0001,1,1,1,0
Madge_Overhouse_0001,0,0,0,0
Eduardo_Romero_0001,1,1,1,1
Betsy_Smith_0002,0,0,0,0
Evgeni_Plushenko_0001,1,1,1,1
Paul_Bremer_0015,1,0,0,1
Hugo_Chavez_0020,0,0,1,0
Gunilla_Backman_0001,1,1,1,0
Sharon_Stone_0003,1,1,1,1
John_Stockton_0001,1,1,1,0
John_Ashcroft_0041,0,0,0,0
John_McCallum_0002,1,1,1,1
Donald_Rumsfeld_0033,1,0,0,0
John_Reid_0001,0,0,1,1
Nia_Vardalos_0003,0,1,1,1
Yuri_Luzhkov_0001,1,1,1,1
Kathy_Bates_0001,0,0,0,1
George_W_Bush_0514,1,1,1,1
Pauline_Phillips_0001,1,1,1,0
Mahmoud_Abbas_0029,0,1,1,0
Denys_Arcand_0001,0,1,1,1
Chip_Knight_0001,0,0,0,0
Bridget_Fonda_0002,1,1,1,1
Andrew_Cuomo_0001,1,1,1,1
Damon_Stoudamire_0001,1,1,1,1
Carlos_Ghosn_0002,1,1,1,1
Jean_Chretien_0030,1,1,1,1
Naomi_Watts_0019,1,1,1,1
Jeff_Van_Gundy_0002,1,1,1,1
Jong_Wook_Lee_0001,1,1,1,0
Missy_Crider_0001,0,0,0,0
Gerhard_Schroeder_0084,0,0,1,0
Dalia_Rabin-Pelosoff_0001,1,1,1,1
Claudia_Pechstein_0004,0,1,1,1
Laurence_Fishburne_0001,1,1,1,1
Recep_Tayyip_Erdogan_0010,1,0,0,0
Betsy_Smith_0001,1,1,1,1
Mike_Eskew_0001,0,0,0,0
Rubens_Barrichello_0002,1,1,1,1
Nestor_Kirchner_0018,0,1,1,1
Jack_Nicholson_0001,1,1,1,1
Roh_Moo-hyun_0031,1,1,1,1
George_W_Bush_0090,1,1,1,1
Pham_Thi_Mai_Phuong_0001,1,1,1,1
Jim_Hahn_0003,0,0,0,0
Jennifer_Aniston_0016,0,0,0,0
Gary_Bergeron_0002,1,1,1,1
Denzel_Washington_0001,1,1,1,1
Eliott_Spitzer_0001,1,1,1,1
Ariel_Sharon_0045,1,1,1,0
John_Reid_0003,0,1,1,0
George_W_Bush_0301,1,1,1,1
Kenneth_Evans_0002,1,1,1,1
Debbie_Allen_0001,1,1,1,1
Marcus_Gronholm_0002,0,1,1,1
Gloria_Trevi_0003,1,1,1,1
Robert_Morvillo_0001,1,0,0,0
Mark_Richt_0003,1,1,1,1
Megawati_Sukarnoputri_0018,1,1,1,1
Steven_Spielberg_0003,1,1,1,1
Nia_Vardalos_0001,1,1,1,1
Sergei_Ivanov_0004,0,0,0,0
Prince_Felipe_0001,1,0,0,1
Emmanuel_Filiberto_0001,0,1,1,1
Jack_Straw_0026,1,1,1,1
Hugo_Chavez_0070,1,1,1,0
Oleg_Romantsev_0001,0,1,1,1
Zico_0001,1,1,1,1
Rainer_Schuettler_0004,1,1,1,1
John_Madden_0001,1,0,0,0
Mireya_Elisa_Moscoso_Rodriguez_0001,0,1,1,0
Vicente_Fox_0027,1,1,1,1
Zulfiqar_Ahmed_0001,0,0,0,1
Ricardo_Lagos_0003,1,1,1,1
Vladimir_Putin_0048,1,1,1,1
Vyacheslav_Fetisov_0001,1,1,1,1
Alvaro_Noboa_0002,1,1,1,1
Alan_Ball_0002,1,0,0,1
Jaqueline_Godoy_0001,1,1,1,1
Lim_Dong-won_0001,1,1,1,1
Bill_Simon_0012,1,1,1,1
Zinedine_Zidane_0006,1,1,1,0
Angelina_Jolie_0009,1,1,1,1
Carlos_Ruiz_0003,1,1,1,1
Nastassia_Kinski_0002,1,1,1,1
Ariel_Sharon_0002,1,1,1,1
Robert_Redford_0004,0,1,1,1
Jennifer_Aniston_0019,1,1,1,1
Mathias_Reichhold_0001,0,0,0,0
Eileen_Coparropa_0001,0,1,1,0
Mona_Locke_0001,1,1,1,1
Donald_Rumsfeld_0086,0,0,0,0
Ben_Curtis_0003,0,0,0,1
Sally_Field_0003,0,0,0,0
Marquier_Montano_Contreras_0001,1,0,0,1
Nicole_Kidman_0014,1,1,1,1
Bruce_Paltrow_0001,1,1,1,1
Colin_Powell_0081,0,0,0,0
Ed_Sullivan_0001,0,1,0,0
Brian_Heidik_0001,0,0,0,0
George_W_Bush_0399,1,0,0,0
Jennifer_Lopez_0005,1,1,1,1
Salma_Hayek_0010,1,1,1,1
Yoriko_Kawaguchi_0007,1,1,0,0
Keith_Bogans_0001,1,1,1,1
Roy_Blunt_0001,1,1,1,1
Christine_Ebersole_0001,1,1,1,0
Frank_Hsieh_0001,1,1,1,1
Tom_Cruise_0006,1,0,0,0
Recep_Tayyip_Erdogan_0026,0,0,1,1
Charles_Kartman_0002,0,0,0,0
Brandon_Knight_0001,1,1,1,1
Pierce_Brosnan_0007,1,1,1,1
Angela_Bassett_0001,1,1,1,1
Roh_Moo-hyun_0005,0,1,1,1
James_Butts_0001,1,1,1,1
Michael_Andretti_0001,1,1,1,1
George_W_Bush_0477,1,0,0,0
Marcos_Daniel_Jimenez_0001,1,1,1,1
Jennifer_Capriati_0021,1,1,1,0
Megawati_Sukarnoputri_0014,1,1,1,1
Aitor_Gonzalez_0002,1,1,1,1
Rebecca_Romijn-Stamos_0004,1,1,1,1
Stellan_Skarsgard_0002,0,0,0,0
Guillaume_Cannet_0001,1,1,1,1
Ronald_Reagan_0001,1,1,1,1
Hugo_Chavez_0007,1,1,1,1
Catherine_Zeta-Jones_0002,1,1,1,0
Natalie_Cole_0002,0,0,0,1
Ester_Canadas_0001,0,0,0,0
Jim_OBrien_0002,1,1,1,1
Poala_Suarez_0001,1,1,1,1
Bob_Guccione_0001,1,1,1,0
Nancy_Reagan_0001,1,1,1,0
Jeb_Bush_0012,1,1,1,1
Hussein_Malik_0001,1,1,1,1
James_Brown_0001,0,0,0,0
Larry_Thompson_0004,0,1,1,1
Eileen_Coparropa_0003,1,1,1,1
Thomas_OBrien_0005,1,1,1,1
Rollie_Massimino_0001,1,1,1,1
Harvey_Wachsman_0001,0,0,0,1
Carlos_Manuel_Pruneda_0002,1,1,1,1
Hugo_Chavez_0012,1,1,1,1
Fidel_Castro_0004,1,1,1,1
Ricardo_Lagos_0006,1,1,1,1
Jason_Kapono_0001,1,1,1,1
Robert_De_Niro_0006,1,1,1,1
Gwendal_Peizerat_0002,1,1,1,1
Jeb_Bush_0008,0,1,0,0
Donald_Rumsfeld_0004,1,1,1,1
Gray_Davis_0020,1,1,1,1
Renato_Soru_0001,1,1,1,1
Billy_Graham_0002,1,1,1,1
Patty_Sheehan_0001,1,1,1,1
Robert_Mueller_0001,1,1,1,1
Carla_Tricoli_0001,0,0,0,0
Ethan_Hawke_0001,1,1,1,1
Sylvie_Guillem_0001,0,0,0,1
Bob_Wright_0001,1,0,0,1
George_W_Bush_0144,1,1,1,1
Donald_Rumsfeld_0073,1,1,1,1
Lleyton_Hewitt_0026,1,1,1,1
Beth_Jones_0002,1,1,1,1
Jose_Maria_Aznar_0015,1,1,1,1
Nestor_Kirchner_0009,1,1,1,1
George_W_Bush_0119,1,1,1,1
Gene_Autry_0001,0,0,0,1
Naji_Sabri_0005,1,1,1,1
Justine_Pasek_0001,1,1,1,0
Carlos_Moya_0019,1,0,1,1
John_Ashcroft_0017,1,1,1,1
Vladimir_Putin_0043,1,1,1,1
Jim_Piper_0001,0,0,0,0
Leuris_Pupo_0001,1,1,1,1
Sahim_Alwan_0001,0,0,0,0
Percy_Gibson_0001,0,0,0,0
Dinora_Rosales_0001,1,1,1,1
Mike_Weir_0004,1,1,1,1
Dirk_Kempthorne_0001,1,1,1,1
Chris_Matthews_0001,0,0,0,0
Brandon_Fails_0001,0,0,0,0
Steve_Lavin_0004,1,1,1,1
Jason_Kidd_0007,1,1,1,1
Michael_Bloomberg_0003,0,0,0,0
Ren_Qingjin_0001,1,1,1,1
Tony_Blair_0099,1,1,1,1
Bobby_Robson_0001,1,1,1,1
Martha_Stewart_0005,1,1,1,1
Kim_Clijsters_0010,1,0,1,1
Tom_Ridge_0026,0,1,1,1
Jennifer_Capriati_0019,1,1,1,1
Colin_Powell_0169,1,1,1,1
Peter_Arnett_0003,0,1,1,1
Humberto_Espinoza_0001,1,1,1,1
Rob_Schneider_0002,1,1,1,1
Tom_Jones_0002,1,1,1,1
Atom_Egoyan_0001,0,1,1,0
Bill_Clinton_0024,0,0,1,1
Tony_Blair_0015,1,1,1,0
Jason_Kidd_0006,1,1,1,1
Michael_Jordan_0004,1,1,1,1
Tony_Blair_0067,1,1,1,1
Ari_Fleischer_0005,0,0,1,1
Giuseppe_Gibilisco_0004,1,1,1,1
Rustu_Recber_0001,1,0,0,0
Nancy_Smith_0001,1,1,1,1
Jenna_Elfman_0001,1,1,1,1
Lleyton_Hewitt_0007,1,1,1,1
Geoffrey_Davis_0001,1,1,1,1
George_HW_Bush_0013,1,1,1,1
Hamid_Karzai_0017,1,1,1,1
Paul_Newman_0001,1,1,1,1
Melissa_Manchester_0001,0,1,1,0
Bill_Frist_0002,1,1,1,1
Celso_Lafer_0001,1,1,1,1
Rafael_Bielsa_0001,0,1,1,1
Hans_Blix_0002,1,1,1,1
Steve_Karsay_0001,1,1,1,1
Junichiro_Koizumi_0045,1,1,1,1
Colin_Powell_0121,1,1,1,1
Adisai_Bodharamik_0001,0,0,1,1
Erwin_Abdullah_0001,1,1,0,1
Fred_Thompson_0002,1,1,1,1
Frank_Dunham_Jr_0002,1,1,1,1
Vanessa_Redgrave_0005,0,0,0,1
Stephen_Thompson_0001,1,1,1,1
Azra_Akin_0002,1,1,1,1
Jean-Marc_Olive_0001,1,1,1,1
Richard_Armitage_0007,1,1,1,1
Hassan_Nasrallah_0001,1,1,1,1
Veronica_Lake_0001,1,1,1,1
Gillian_Anderson_0002,1,1,1,1
Ana_Palacio_0004,1,1,1,1
Sean_Astin_0002,1,1,1,1
Silvio_Berlusconi_0009,1,1,1,0
Gloria_Macapagal_Arroyo_0003,1,1,1,1
Ron_Kirk_0001,0,1,1,1
Atal_Bihari_Vajpayee_0003,1,1,1,1
Aicha_El_Ouafi_0002,0,0,0,0
Rick_Husband_0001,0,0,0,0
Brian_Cook_0001,1,1,1,1
Jon_Corzine_0002,1,1,1,1
Colin_Powell_0178,1,1,1,1
Martin_Landau_0001,0,1,1,1
Matt_Welsh_0001,0,1,1,1
George_W_Bush_0412,0,0,1,1
Trent_Lott_0011,1,0,0,0
John_Negroponte_0028,0,0,0,0
Mickey_Rooney_0001,1,1,1,1
Julio_De_Brun_0001,1,1,1,1
Al_Gore_0001,1,1,1,1
John_Ashcroft_0040,1,1,1,1
Paul_Kagame_0002,1,1,1,1
David_Canary_0001,0,0,1,1
Ed_Smart_0002,1,1,1,1
Edmund_Stoiber_0007,1,1,1,1
Joan_Laporta_0003,1,1,1,0
Eric_Robert_Rudolph_0003,0,0,0,0
John_McCain_0003,1,1,1,1
Ian_Thorpe_0009,1,1,1,1
Charles_Moose_0011,1,0,0,1
Reese_Witherspoon_0002,0,0,0,0
Junichiro_Koizumi_0010,1,1,1,1
Jeong_Se-hyun_0003,1,1,1,1
Andy_North_0001,1,1,1,0
Laura_Flessel_0001,1,1,1,1
Arnaud_Lagardere_0001,1,1,1,1
Barbra_Streisand_0001,1,1,1,1
Cosmo_Iacavazzi_0001,1,1,1,1
Alvaro_Uribe_0014,1,0,1,1
George_W_Bush_0502,0,1,1,1
Chan_Ho_Park_0001,1,1,1,1
Kofi_Annan_0017,1,1,1,1
Jamie_Dimon_0001,1,1,1,1
Vicente_Fox_0010,0,1,1,1
Jon_Gruden_0004,1,1,1,1
Gerard_Depardieu_0001,1,1,1,1
Chen_Liang_Yu_0002,1,1,1,1
Mark_Geragos_0001,1,1,1,0
Michelle_Yeoh_0005,1,1,1,1
Marc_Leger_0001,0,0,0,0
Gary_Dellaverson_0001,0,1,1,1
George_W_Bush_0450,1,1,0,0
Meryl_Streep_0006,0,1,0,1
Tim_Robbins_0005,0,0,0,0
Anthony_Carter_0001,0,0,0,1
Paul_Wolfowitz_0010,1,1,1,1
George_W_Bush_0516,1,1,1,1
Bulent_Ecevit_0005,1,1,1,1
Nathan_Lane_0001,0,1,1,1
John_Allen_Muhammad_0002,0,0,0,0
John_Allen_Muhammad_0004,1,1,1,1
Susan_Walvius_0001,1,1,1,1
Catherine_Donkers_0001,1,1,1,1
Michael_Bloomberg_0017,1,0,0,0
Hamid_Karzai_0003,1,1,1,1
Justin_Timberlake_0007,1,1,1,1
George_W_Bush_0500,1,0,0,1
Jean_Chretien_0021,1,1,1,1
Pat_Burns_0002,1,1,1,1
Mary_Carey_0002,0,1,1,1
Gerry_Adams_0001,1,1,1,1
Norah_Jones_0009,0,0,0,0
Mike_Myers_0004,1,1,1,1
Sasha_Alexander_0001,0,1,1,1
Arminio_Fraga_0005,0,0,0,0
Gerhard_Schroeder_0005,1,0,1,1
Luiz_Inacio_Lula_da_Silva_0006,1,1,1,1
David_Shayler_0001,0,0,0,1
Jong_Wook_Lee_0002,1,1,1,1
Tom_Daschle_0008,1,0,1,0
Tom_Craddick_0004,1,1,1,1
Abdullah_0003,1,1,1,0
Farouk_al-Sharaa_0001,1,1,1,1
Pierre_Boulanger_0001,1,1,1,1
Ray_Romano_0007,1,1,1,0
Faisal_Saleh_Hayat_0001,1,1,1,1
Andy_Griffith_0001,1,0,0,1
Zinedine_Zidane_0003,1,1,1,0
Dominick_Dunne_0001,0,0,1,0
Martin_Kristof_0001,1,1,1,1
Paradorn_Srichaphan_0010,1,1,1,1
Gloria_Macapagal_Arroyo_0008,1,1,1,1
Phil_Mickelson_0001,1,1,1,1
Gerhard_Schroeder_0082,1,1,1,1
Charlton_Heston_0003,0,0,1,1
Rebecca_Romijn-Stamos_0003,0,1,1,1
Tony_Elias_0001,1,1,1,1
Aby_Har-Even_0001,1,1,1,0
Akbar_Hashemi_Rafsanjani_0003,1,1,1,1
Victor_Hanescu_0001,0,1,1,0
Muhammad_Ali_0004,1,1,1,1
George_W_Bush_0033,1,0,0,0
Whoopi_Goldberg_0001,0,1,1,0
Theo_Epstein_0001,1,1,1,1
Susan_Sarandon_0005,1,1,1,1
Kweisi_Mfume_0001,0,1,1,1
Mohammad_Khatami_0001,1,1,1,1
Colin_Powell_0235,1,1,1,1
Paula_Zahn_0001,1,1,1,1
Hiroki_Gomi_0001,1,1,1,1
Marcus_Garrettson_0001,1,1,1,1
George_Galloway_0004,1,1,1,1
Din_Samsudin_0001,1,0,0,0
Petro_Symonenko_0001,1,1,1,1
Halle_Berry_0004,1,1,1,1
Larry_Hahn_0001,1,1,1,1
Jessica_Capshaw_0001,1,1,1,1
George_W_Bush_0261,0,0,0,0
Juan_Pablo_Montoya_0005,1,1,1,1
Robinson_Stevenin_0001,1,0,0,1
Sammy_Sosa_0002,1,1,1,1
Abdullah_Gul_0016,1,1,1,1
Tim_Lobinger_0001,1,1,1,1
Carol_Moseley_Braun_0002,1,0,0,0
Nicholas_Byron_0002,1,1,1,1
Takeo_Fukui_0001,0,1,1,1
Colin_Powell_0059,1,1,1,1
Silvan_Shalom_0003,1,1,1,1
George_Ryan_0003,0,1,1,1
Madeleine_Albright_0003,1,1,1,1
Ruben_Wolkowyski_0001,1,1,1,1
Phil_Donahue_0001,0,1,1,1
Kalpana_Chawla_0005,0,0,0,1
David_Nalbandian_0006,1,1,1,1
Tiger_Woods_0021,0,1,1,1
Angelina_Jolie_0008,1,1,1,1
Paradorn_Srichaphan_0001,1,1,1,1
Vincent_Brooks_0007,1,1,1,1
Ray_Romano_0009,1,1,1,0
Hugh_Grant_0007,1,1,1,1
Shimon_Peres_0002,1,1,1,1
Romano_Prodi_0004,1,1,1,1
James_Kopp_0001,0,1,1,1
Lleyton_Hewitt_0015,1,1,1,1
Roman_Polanski_0002,1,1,1,1
Todd_Reid_0001,1,1,1,1
Ray_Evernham_0001,1,1,1,1
Mario_Gallegos_0001,1,1,1,1
James_Blake_0007,0,1,1,1
Justin_Guarini_0001,1,1,1,1
Scott_Peterson_0002,1,1,1,1
George_W_Bush_0157,1,1,1,1
Eduardo_Duhalde_0007,0,0,0,0
Troy_Hudson_0001,1,1,1,1
Gerhard_Schroeder_0016,1,1,1,1
Colin_Powell_0047,1,0,0,0
Blythe_Danner_0002,0,0,1,1
Janet_Chandler_0001,1,0,0,0
Suzanne_Haik_Terrell_0001,1,1,1,0
David_Dodge_0002,1,1,1,1
Bob_Colvin_0002,1,1,1,1
Michael_Douglas_0002,0,1,0,1
George_Brumley_0002,1,0,0,1
Steve_Austin_0001,0,0,1,1
Ariel_Sharon_0075,1,0,0,0
Al_Sharpton_0003,1,1,1,1
Mike_Sherman_0001,1,0,0,0
Javier_Vargas_0001,1,1,1,1
Dan_Snyder_0001,1,1,1,1
Mary_Tyler_Moore_0002,0,0,1,1
Nick_Turner_0001,0,0,0,0
Erik_Morales_0001,1,1,1,1
Silvio_Fernandez_0001,1,1,1,1
Tang_Jiaxuan_0002,1,1,1,1
Bijan_Darvish_0001,1,1,1,1
Carlos_Moya_0018,0,0,0,1
Christina_Aguilera_0001,1,1,1,1
Sally_Ride_0002,1,1,1,1
Dick_Cheney_0013,1,1,1,1
Lleyton_Hewitt_0011,1,1,1,1
Tariq_Aziz_0004,1,0,1,0
Lazaro_Castro_0001,1,1,1,1
Luiz_Inacio_Lula_da_Silva_0027,0,0,0,1
John_Ashcroft_0012,1,1,1,1
Carlos_Lordkipanitse_0001,1,1,1,1
Anthony_Fauci_0001,0,1,1,0
Jean_Charest_0003,1,1,1,1
George_W_Bush_0180,1,1,1,1
Robbie_Fowler_0001,1,1,1,1
Hanns_Schumacher_0001,1,1,1,1
Tom_Daschle_0005,1,1,1,1
Edward_Said_0002,0,0,0,0
Jeane_Kirkpatrick_0001,1,1,1,1
Rosemarie_Stack_0002,0,0,1,1
Lloyd_Richards_0001,1,1,1,1
Jacques_Chirac_0035,0,1,1,1
Maha_Habib_0001,1,1,1,1
Roger_Winter_0001,1,1,1,1
Yevgeny_Kafelnikov_0004,1,1,1,1
Amber_Tamblyn_0002,1,1,1,0
Sebastien_Grosjean_0001,1,1,1,1
David_Anderson_0003,1,1,1,1
John_Lennon_0001,0,1,1,1
Jessica_Lange_0001,1,1,1,1
Joshua_Gracin_0001,1,1,1,1
Mathilda_Karel_Spak_0001,1,1,1,1
Gunter_Pleuger_0003,1,1,1,1
Recep_Tayyip_Erdogan_0025,1,1,1,1
Vicente_Fox_0026,0,1,0,0
Javier_Saviola_0001,1,1,1,1
Dominik_Hrbaty_0001,1,1,1,1
Claudio_Abbado_0001,1,0,0,1
Woody_Allen_0005,1,1,1,1
Gerhard_Schroeder_0057,1,1,1,0
George_W_Bush_0432,1,0,1,1
Clare_Short_0002,0,1,1,1
Antony_Leung_0003,1,1,1,1
George_W_Bush_0162,1,1,1,1
Megawati_Sukarnoputri_0009,1,1,1,1
Jamir_Miller_0001,0,0,0,0
Ferenc_Madl_0001,0,1,1,1
Osama_bin_Laden_0001,0,0,1,1
Portia_de_Rossi_0001,1,0,0,0
Zhang_Wenkang_0001,1,0,0,0
Joan_Collins_0001,0,0,0,0
George_W_Bush_0319,0,0,1,1
Dagmar_Dunlevy_0001,1,1,1,1
Jennifer_Lopez_0001,1,1,1,1
Elizabeth_Shue_0001,1,1,1,1
Lorraine_Fenton_0001,1,1,1,1
Bill_Belichick_0001,1,1,1,1
Oprah_Winfrey_0002,1,1,1,1
Mahmoud_Abbas_0002,1,1,1,1
Marwan_Barghouthi_0002,1,1,1,1
John_Bolton_0007,1,1,1,1
Jolanta_Kwasniewski_0002,1,1,1,1
Sharon_Stone_0005,1,0,0,0
Ernie_Els_0002,1,1,1,1
Junichiro_Koizumi_0028,1,0,0,1
Roy_Halladay_0001,1,0,0,1
Kim_Dae-jung_0007,1,1,1,1
Madonna_0002,0,1,1,1
George_W_Bush_0188,0,0,0,0
William_Macy_0003,0,0,0,0
Richard_Ward_0001,1,1,1,1
Lloyd_Ward_0002,1,1,1,1
Jean_Chretien_0045,1,1,1,1
Howard_Dean_0007,1,1,1,1
Halle_Berry_0009,1,0,1,1
Gerhard_Schroeder_0096,1,1,1,1
Colin_Powell_0128,1,1,1,1
Geoff_Hoon_0007,1,1,1,1
Ed_Rosenthal_0003,1,1,1,1
Svetlana_Belousova_0001,1,1,1,0
George_W_Bush_0051,1,1,1,1
Joe_Plumeri_0001,0,0,0,1
Howard_Dean_0010,1,1,1,0
Edmund_Stoiber_0006,0,0,0,0
Mary_Katherine_Smart_0001,0,0,0,0
James_Wattana_0001,1,1,1,1
Queen_Rania_0003,1,1,1,1
Li_Ka-shing_0001,1,1,1,1
Martha_Lucia_Ramirez_0001,0,1,1,1
Fernando_Gonzalez_0001,1,1,1,1
Paul_William_Hurley_0002,1,1,1,1
Mark_Hamister_0002,1,1,1,1
Christine_Baumgartner_0005,1,1,1,1
Peter_Rasmussen_0001,1,1,1,0
Venus_Williams_0008,1,1,1,1
George_W_Bush_0348,1,1,1,1
Matthew_Perry_0001,1,1,1,1
Elizabeth_Hill_0001,1,1,1,1
Jack_Smith_0001,1,1,1,1
Colin_Powell_0160,1,0,0,1
Jean_Chretien_0052,1,1,1,1
Suk_Chung_Hong_0001,1,1,1,1
Tom_Ridge_0029,1,1,1,1
Philip_Zalewski_0001,1,1,0,0
George_W_Bush_0070,1,1,1,1
Catherine_Zeta-Jones_0009,1,1,1,1
Crispin_Glover_0001,1,0,0,1
Martin_Brooke_0001,1,1,1,1
Charles_Moose_0003,1,1,1,1
Walt_Harris_0001,0,0,0,0
Kara_Lynn_Joyce_0001,1,1,1,1
Peter_Camejo_0001,0,0,0,0
George_W_Bush_0190,0,1,1,1
Dwayne_Wade_0001,0,0,0,0
Tomas_Enge_0001,1,1,1,1
Bernard_Giraudeau_0001,1,1,1,1
King_Abdullah_II_0003,1,1,1,1
Colin_Powell_0050,1,1,1,1
Gwyneth_Paltrow_0005,0,0,0,0
Jack_Valenti_0001,1,1,1,1
Pete_Gillen_0001,0,1,1,0
Aaron_Pena_0001,1,0,0,0
Goldie_Hawn_0001,1,1,1,1
Russell_Coutts_0001,0,0,0,1
Mike_Weir_0007,1,1,1,1
Hatsui_Hasuike_0001,0,1,1,1
Robert_Evans_0003,0,0,0,0
Jerry_Regier_0001,1,1,1,1
Tom_Ridge_0010,1,1,1,1
Angela_Merkel_0003,1,1,1,1
Howard_Dean_0006,0,0,1,0
Dennis_Kucinich_0006,1,1,1,1
Gloria_Gaynor_0001,1,1,1,0
Mark_Dacey_0002,1,1,1,1
Colin_Powell_0103,1,1,1,1
Tommy_Lasorda_0001,1,1,1,1
Hu_Jintao_0003,1,0,0,0
Magui_Serna_0002,1,0,0,0
Christine_Gregoire_0001,1,1,1,1
George_W_Bush_0115,1,1,1,1
Kevin_Stallings_0001,1,1,1,1
Yang_Jianli_0001,1,1,1,1
Robert_Redford_0003,1,1,1,1
Michael_Milton_0001,0,0,0,1
Susilo_Bambang_Yudhoyono_0004,1,1,1,0
Megawati_Sukarnoputri_0002,1,1,1,1
Juan_Carlos_Morales_0001,0,0,0,0
Masum_Turker_0001,1,1,1,1
Brian_Meadors_0001,0,0,0,0
Sam_Gerald_0001,1,1,1,1
Manfred_Stolpe_0002,1,1,1,1
Michael_J_Sheehan_0002,1,1,1,1
Alan_Greer_0001,1,1,1,1
Roger_Federer_0009,1,1,1,1
Deepa_Mehta_0001,1,1,1,1
Nuon_Chea_0001,1,1,1,1
James_Parker_0001,1,1,1,1
Masum_Turker_0002,1,1,1,1
Sergey_Lavrov_0005,1,1,1,1
Abdullah_Gul_0006,1,1,1,1
Mahmoud_Abbas_0017,1,1,1,1
Jean_Charest_0017,1,1,1,1
Abdullah_Gul_0009,0,1,1,1
Michael_Bloomberg_0020,1,1,1,1
Laura_Bush_0010,1,1,1,1
Madonna_0004,1,1,1,1
Raoul_Ruiz_0002,1,1,1,1
Brooke_Adams_0001,0,0,0,0
Tony_Blair_0061,1,0,0,0
William_Donaldson_0002,1,1,1,1
Brent_Coles_0001,0,1,0,0
Alejandro_Toledo_0018,1,1,1,1
Li_Peng_0003,1,1,1,1
Hedayat_Amin_Arsala_0001,1,1,1,1
Frank_Pallone_0001,1,1,1,1
Bob_Hope_0001,1,1,1,1
Luke_Walton_0002,0,1,1,1
Kirk_Ferentz_0002,1,1,1,1
Robert_Zoellick_0005,1,1,1,1
Nicolas_Cage_0002,1,1,1,1
Keith_Rodriguez_0001,1,1,1,1
Tommy_Franks_0010,1,1,1,1
Se_Hyuk_Joo_0001,1,1,1,1
Ali_Bin_Hussein_0001,0,1,1,1
John_Goold_0001,0,1,1,1
Jacques_Chirac_0034,0,0,0,1
Brigitte_Boisselier_0002,1,1,1,1
Mary_Landrieu_0001,1,1,1,1
Alvaro_Silva_Calderon_0004,1,1,1,1
Bill_McBride_0006,1,1,1,1
George_W_Bush_0383,1,1,1,1
Robin_McGraw_0001,1,0,0,0
Tim_Pawlenty_0001,1,1,1,1
Kofi_Annan_0025,1,1,1,1
George_W_Bush_0164,1,1,1,1
John_Ruiz_0002,1,1,1,1
Yevgeny_Kafelnikov_0002,1,1,1,1
Tim_Henman_0004,1,1,1,1
Georgi_Parvanov_0002,1,1,1,1
Al_Davis_0001,0,0,0,0
Donald_Evans_0002,0,0,0,0
David_Surrett_0001,1,1,1,1
Jacques_Chirac_0006,1,1,1,1
Helio_Rubens_Garcia_0001,1,1,1,1
Marat_Safin_0002,1,1,1,1
Tom_Ridge_0030,1,1,1,1
Taku_Yamasaki_0001,1,1,1,1
Richard_Krajicek_0001,1,1,1,1
Iban_Mayo_0002,1,0,1,1
Stacey_Dales-Schuman_0001,1,1,1,1
Lee_Hoi-chang_0002,1,1,1,1
Jackie_Chan_0006,1,1,1,1
John_Ashcroft_0019,1,1,1,1
Nicanor_Duarte_Frutos_0011,1,1,1,1
Jack_Straw_0022,1,1,1,1
James_Traficant_0002,0,1,1,1
Jerry_Colangelo_0001,1,1,1,1
Dewayne_White_0001,0,0,0,0
GL_Peiris_0004,0,1,1,1
Donald_Rumsfeld_0046,1,1,1,0
Costas_Simitis_0003,1,1,1,1
Gerhard_Schroeder_0106,1,1,1,0
Sarah_Jessica_Parker_0002,1,1,1,1
Rubens_Barrichello_0007,1,1,1,1
John_Howard_0007,1,1,0,0
Hugo_Chavez_0031,1,1,1,1
George_W_Bush_0337,1,0,0,0
Peter_Hollingworth_0001,0,0,0,0
Jean-David_Levitte_0003,1,1,1,1
Simon_Larose_0001,1,1,1,1
Colin_Powell_0033,0,0,0,0
Jaime_Pressly_0001,1,1,1,1
Cecilia_Cheung_0001,1,1,1,1
Francisco_Garcia_0001,1,1,1,1
Jennifer_Furminger_0001,1,1,1,1
Alex_Holmes_0001,1,1,1,1
Lee_Jun_0002,1,1,1,1
Dalai_Lama_0002,1,1,1,1
Leonardo_DiCaprio_0004,1,1,1,1
Johan_Bruyneel_0001,1,0,0,0
Nigel_Redden_0001,1,1,1,1
Robert_Bonner_0002,1,1,1,1
Arnold_Schwarzenegger_0038,1,1,1,1
Michael_Bloomberg_0016,1,1,1,1
Franz_Fischler_0001,1,1,1,1
Van_Hilley_0001,0,0,0,1
Jacques_Villeneuve_0001,1,1,1,1
Colin_Powell_0192,1,1,1,1
Pedro_Malan_0005,1,1,0,0
Nancy_Kerrigan_0001,1,1,1,1
George_Robertson_0010,1,1,1,1
Theresa_May_0001,0,0,1,1
George_W_Bush_0232,1,1,1,1
Ariel_Sharon_0044,1,1,1,1
Mack_Brown_0002,1,0,1,1
Muhammad_Ibrahim_Bilal_0001,0,0,0,0
John_Abizaid_0009,1,1,1,1
Vladimir_Putin_0039,1,1,1,1
Susan_Collins_0001,1,1,0,1
Arnold_Palmer_0002,1,1,1,1
Annette_Lu_0003,0,1,1,1
Eloy_Gutierrez_0001,0,1,1,1
Mohammed_Al-Douri_0009,1,1,1,1
Denis_Coderre_0001,1,1,1,1
Igor_Ivanov_0005,1,1,1,1
Vicente_Fox_0029,1,1,1,1
Jane_Menelaus_0001,0,0,1,1
Atal_Bihari_Vajpayee_0018,1,1,1,1
Constance_Marie_0002,1,1,0,0
George_W_Bush_0219,1,1,1,0
Arnold_Schwarzenegger_0032,1,1,1,1
Richard_Greenberg_0001,1,1,1,1
Taylyn_Solomon_0001,1,1,1,1
Nicolas_Macrozonaris_0001,1,1,1,1
Arnold_Schwarzenegger_0027,1,1,1,0
Natalie_Coughlin_0002,0,1,1,1
Larry_Greene_0001,0,0,0,0
Mariah_Carey_0004,1,1,1,1
Rob_Lowe_0001,1,0,0,0
Tonga_0001,1,1,1,1
George_W_Bush_0400,0,0,0,0
Arianna_Huffington_0002,1,1,1,1
Gordon_Cooper_0001,1,1,1,0
Noelle_Bush_0004,1,1,1,1
Harrison_Ford_0006,1,1,1,1
Kim_Yong-il_0002,1,1,1,1
Ronald_Perelman_0001,1,1,1,1
Oswaldo_Paya_0002,0,0,0,0
Paul_Wolfowitz_0008,1,1,1,0
Hideki_Sato_0001,1,1,1,1
George_W_Bush_0008,0,0,0,0
Mary-Kate_Olsen_0002,0,1,1,1
Ed_Mekertichian_0001,1,1,1,1
Paradorn_Srichaphan_0008,1,1,1,1
George_Ryan_0004,0,0,0,0
Don_Nickles_0002,1,1,1,1
Andrei_Konchalovsky_0001,1,1,1,1
Paul_Shanley_0001,1,1,1,1
Julie_Gerberding_0015,1,1,1,1
Tiger_Woods_0003,1,1,1,1
George_W_Bush_0122,1,1,1,1
Jean_Charest_0002,1,1,1,1
Carson_Palmer_0003,1,1,1,1
Li_Peng_0005,1,1,1,1
Gray_Davis_0001,1,0,0,0
Candice_Bergen_0003,1,1,1,1
Shingo_Katayama_0001,1,1,1,1
Tony_Blair_0065,0,0,0,1
Abel_Aguilar_0001,1,1,1,1
Tippi_Hedren_0001,1,1,1,1
Sadie_Frost_0003,1,1,1,1
George_W_Bush_0527,1,1,1,1
Rebekah_Chantay_Revels_0001,1,1,1,1
Ted_Turner_0001,1,1,1,1
John_Snow_0002,0,1,0,0
Lleyton_Hewitt_0014,1,1,1,1
Kelly_Ripa_0001,0,1,1,1
John_Rowland_0002,1,1,1,1
Donald_Rumsfeld_0115,1,1,1,1
Donald_Rumsfeld_0112,1,1,1,1
Asif_Ali_Zardari_0001,1,0,0,1
Hillary_Clinton_0009,0,0,0,0
Venus_Williams_0011,1,1,1,1
Jose_Carlo_Fernandez_0001,0,0,1,0
Jacques_Chirac_0051,1,1,1,1
Roger_Moore_0002,1,1,1,1
Hootie_Johnson_0002,0,0,1,1
Nicole_Kidman_0019,1,1,1,1
Jane_Rooney_0001,0,0,1,0
Jacques_Chirac_0028,1,1,1,1
Mahathir_Mohamad_0003,1,1,1,1
Ernie_Harwell_0001,0,1,1,1
Kai-Uwe_Ricke_0001,1,1,1,1
Megawati_Sukarnoputri_0007,1,0,0,0
Richard_Virenque_0005,1,1,1,1
Lina_Krasnoroutskaya_0002,1,1,1,1
Luiz_Inacio_Lula_da_Silva_0037,0,0,0,0
Kelli_White_0002,0,0,0,0
George_HW_Bush_0009,1,1,1,1
Alex_Popov_0001,1,1,1,1
Kevin_Crane_0001,1,1,1,1
Gary_Paer_0001,1,1,1,1
Angela_Bassett_0002,1,1,1,0
Lucy_Liu_0004,1,1,1,1
JK_Rowling_0003,1,1,1,1
Ronaldo_Luis_Nazario_de_Lima_0001,1,1,1,1
Jennifer_Lopez_0002,1,1,1,1
Mike_Tyson_0003,1,1,1,0
George_W_Bush_0315,1,1,1,1
Ben_Glisan_0001,1,1,1,1
Vicente_Fox_0015,1,0,1,1
David_Bowie_0001,1,1,1,1
Garry_Witherall_0001,0,1,1,1
Erick_Barkley_0001,0,1,1,1
Elton_John_0003,1,1,1,1
Bob_Graham_0005,0,0,1,0
Elena_Likhovtseva_0001,1,1,1,1
Marina_Anissina_0001,0,0,1,1
Jean_Chretien_0013,1,1,1,1
Filippo_Volandri_0001,0,0,1,0
Robert_De_Niro_0004,1,1,1,1
Jimmy_Szymanski_0001,1,1,1,1
John_Snow_0017,1,1,1,1
Jeong_Se-hyun_0006,1,1,1,1
Matt_Dillon_0003,0,0,0,0
Kim_Clijsters_0011,0,1,1,1
Scott_McClellan_0003,0,1,1,0
Miroljub_0001,1,1,1,1
Donald_Rumsfeld_0039,1,1,1,1
George_W_Bush_0460,1,1,0,0
Ariel_Sharon_0071,1,1,1,1
Michelle_Kwan_0007,1,1,1,1
Donald_Rumsfeld_0009,1,1,1,1
Jerry_Rice_0001,1,1,1,1
Lauren_Killian_0001,1,1,1,1
Robert_Marshall_0001,0,0,0,1
Trent_Lott_0010,1,1,1,1
Guillermo_Monroy_0001,0,0,0,0
Robert_Duvall_0001,1,0,0,1
Daisy_Fuentes_0004,0,0,0,0
Kyle_Shewfelt_0001,1,1,1,1
Fran_Drescher_0002,1,1,1,1
Yusaku_Miyazato_0001,1,1,1,1
Bill_Elliott_0001,1,1,1,1
Ariel_Sharon_0043,0,1,1,1
Jeremy_Greenstock_0005,1,1,1,1
Gina_Torres_0001,1,1,1,1
Raquel_Welch_0002,1,1,1,1
Ben_Davis_0001,1,0,1,1
Hilary_Duff_0003,0,0,0,0
Kenny_Chesney_0001,0,0,0,1
Diana_Krall_0003,1,1,1,1
Penelope_Cruz_0003,1,1,1,1
Padraig_Harrington_0002,0,1,1,1
Dennis_Kozlowski_0002,1,1,0,1
Steven_Feldman_0001,1,1,1,1
Saddam_Hussein_0008,1,1,1,1
Chung_Mong-hun_0002,1,1,1,1
Pierce_Brosnan_0014,0,0,0,1
George_Maxwell_Richards_0001,1,1,1,1
Sergey_Lavrov_0010,1,1,1,1
Mike_Farrar_0001,1,0,0,0
Lord_Hutton_0002,1,0,0,1
Riek_Blanjaar_0001,1,1,1,0
Munir_Akram_0002,1,1,1,1
Gloria_Macapagal_Arroyo_0010,1,0,0,0
George_Tenet_0001,0,0,0,0
Kyle_McLaren_0001,0,1,1,1
Jake_Gyllenhaal_0005,1,1,1,1
Alberto_Ruiz_Gallardon_0002,1,1,1,1
Roger_Suarez_0001,1,1,1,1
Marlene_Weingartner_0001,0,0,0,0
Allison_Janney_0002,1,0,1,1
Roberta_Combs_0001,1,1,1,1
Anthony_Hopkins_0001,0,1,1,1
Lech_Walesa_0001,1,1,1,0
Junichiro_Koizumi_0029,1,1,1,1
Randy_Brown_0001,1,1,1,1
Scott_Rolen_0001,1,0,0,0
Vicente_Fox_0004,1,1,1,1
Irina_Yatchenko_0001,1,0,0,0
Tony_Clement_0001,1,0,0,0
Alberto_Ruiz_Gallardon_0001,0,0,1,1
John_Howard_0010,1,1,1,1
George_Murphy_0001,1,1,1,1
Vladimir_Putin_0001,1,1,1,1
Gwyneth_Paltrow_0006,1,1,1,1
Ariel_Sharon_0065,1,1,1,1
Magdalena_Maleeva_0001,1,1,1,1
Gerhard_Schroeder_0045,1,1,1,1
Joschka_Fischer_0005,0,1,1,1
Kofi_Annan_0027,1,1,1,1
Osrat_Iosef_0001,1,1,1,1
Trent_Lott_0016,1,1,1,1
Orrin_Hatch_0002,1,1,1,1
Lydia_Shum_0001,1,1,1,1
Yasser_Arafat_0001,1,1,1,1
Paul_McCartney_0004,0,1,1,1
Tomomi_Morita_0001,1,1,1,1
Tom_Crean_0004,1,1,1,1
John_Ashcroft_0039,1,1,1,1
Paola_Espinoza_0001,0,0,1,0
Koichi_Tanaka_0001,1,1,1,1
Gonzalo_Sanchez_de_Lozada_0005,0,1,1,1
Bernard_Lord_0001,1,1,1,1
Roger_Moore_0004,1,1,1,1
BB_King_0001,0,0,0,0
Fran_Drescher_0001,0,0,1,1
Joan_Dangerfield_0001,1,1,1,1
Juan_Carlos_0001,1,1,1,0
Richard_Virenque_0004,1,1,1,1
Liza_Minnelli_0001,1,1,1,1
Tiger_Woods_0013,1,0,0,0
James_Cameron_0002,1,1,1,1
Angelina_Jolie_0002,1,1,1,1
Chang_Sang_0001,1,1,1,1
Vaclav_Havel_0004,1,1,1,1
Chris_Tucker_0001,1,1,1,1
Nathalia_Gillot_0001,1,0,0,0
Bill_Nelson_0002,1,1,1,1
Qazi_Hussain_Ahmed_0001,1,1,1,1
Rudolph_Giuliani_0017,0,1,1,1
Bertrand_Delanoe_0001,1,1,1,1
David_Beckham_0016,0,1,1,1
Elizabeth_Smart_0002,1,0,1,1
Don_Boudria_0001,1,1,1,1
Justin_Gatlin_0002,1,1,0,0
Jean-Marc_de_La_Sabliere_0001,1,1,1,1
Roger_Grimes_0001,1,1,1,0
Jean-Rene_Fourtou_0001,0,1,1,1
Magui_Serna_0001,1,1,1,1
George_HW_Bush_0008,1,1,1,1
Heath_Ledger_0003,0,1,1,0
Charlton_Heston_0004,0,0,0,1
Yao_Ming_0007,1,1,1,1
George_W_Bush_0520,1,1,1,1
Cyndi_Thompson_0002,1,1,1,1
Jennifer_Capriati_0001,1,1,1,1
Abdullah_Gul_0017,1,1,1,1
Rosa_Haywa_de_Condori_0001,0,1,1,1
Vivica_Fox_0002,1,1,1,1
George_W_Bush_0384,0,0,0,0
Jean-David_Levitte_0010,1,1,1,1
Heath_Ledger_0004,1,0,0,0
Martina_McBride_0005,1,1,1,1
Sebastian_Cuattrin_0001,1,0,0,0
Don_Lake_0001,1,1,1,1
Lou_Reed_0001,0,0,0,0
Harbhajan_Singh_0001,0,1,1,1
Derek_Lowe_0002,0,1,1,1
Tang_Jiaxuan_0003,0,0,1,1
Fernando_Henrique_Cardoso_0005,1,1,1,1
Marina_Anissina_0002,1,1,1,1
Kieran_Prendergast_0001,0,0,0,0
Daniel_Pearl_0001,0,0,0,0
Tom_Foy_0001,1,1,1,1
Trent_Lott_0007,1,1,1,0
Zhang_Ziyi_0002,0,1,1,1
Marian_Dolan_0001,0,0,0,1
Hu_Jintao_0006,1,1,1,1
Irfan_Ahmed_0001,0,1,1,1
Ralph_Sampson_0001,0,1,1,1
Slobodan_Milosevic_0001,0,0,0,1
Donald_Rumsfeld_0030,0,0,0,0
George_W_Bush_0074,1,1,1,1
Stepan_Demirchian_0001,1,1,1,1
Richard_Crenna_0002,1,1,1,1
Nicolas_Cage_0003,1,1,1,1
Vladimir_Putin_0014,1,1,1,1
Naomi_Watts_0010,1,1,1,1
Tommy_Thompson_0002,1,1,1,1
Rudi_Voeller_0001,1,0,1,0
Valentino_Rossi_0004,0,0,0,0
Calista_Flockhart_0004,1,1,1,1
David_Beckham_0013,1,1,1,1
Tyler_Grillo_0001,0,1,1,1
David_Dewayne_Williams_0001,1,1,1,1
Cesar_Gaviria_0002,0,0,0,1
John_Norquist_0001,1,0,0,0
Shaun_Pollock_0001,1,0,0,0
George_W_Bush_0317,0,0,1,1
Susan_Sarandon_0001,1,1,1,1
Boris_Becker_0006,1,1,1,1
Don_Henley_0001,1,1,1,1
Chris_Rock_0002,0,0,0,0
Satnarine_Sharma_0001,1,1,1,1
Patricia_Heaton_0001,0,0,0,0
Larry_Ellison_0002,1,0,0,0
Andy_Roddick_0015,1,0,1,1
Ivo_Dubs_0001,0,1,1,1
Jose_Maria_Aznar_0020,1,1,1,1
Johnny_Benson_0001,0,0,0,0
Nathan_Powell_0001,1,1,1,1
Garry_Trudeau_0002,0,1,0,1
Lindsay_Davenport_0002,1,1,1,1
Ken_Macha_0002,1,1,1,1
Michael_Sheehan_0001,0,0,0,0
Venus_Williams_0015,1,1,1,1
Luis_Figo_0002,1,1,1,1
Recep_Tayyip_Erdogan_0001,0,0,0,0
Gary_Locke_0001,1,1,1,1
James_Jones_0001,1,1,1,1
Brian_De_Palma_0001,1,1,1,1
Michelle_Pfeiffer_0002,1,1,1,1
Ralph_Friedgen_0001,1,1,1,1
Marina_Silva_0001,0,0,0,1
Robert_Kocharian_0001,0,1,1,1
Lleyton_Hewitt_0030,0,1,1,1
Ronald_Kadish_0001,1,1,0,0
Jean_Chretien_0026,1,1,1,1
Lili_Marinho_0001,0,0,1,1
Eduardo_Chillida_0001,0,1,1,1
Lindsay_Davenport_0012,1,0,0,0
Anne_Krueger_0002,1,1,1,1
Goh_Kun_0002,1,1,1,1
Pete_Sampras_0001,1,1,1,1
Pierce_Brosnan_0010,1,1,1,1
Alan_Ball_0001,1,0,0,1
Zoran_Djindjic_0003,1,1,1,1
Derek_Bond_0001,0,0,0,1
Kristen_Breitweiser_0003,1,1,1,1
Manuel_Jesus_0001,1,1,1,1
Tom_Ridge_0016,1,1,1,1
Ricardo_Sanchez_0005,1,1,1,1
Edward_Lohn_0001,1,1,1,1
Abel_Pacheco_0001,1,1,1,1
Tzipora_Obziler_0001,0,1,1,1
Colin_Powell_0007,0,1,1,1
Gerhard_Schroeder_0079,0,0,0,0
Paul_Bremer_0001,1,1,1,1
Bertie_Ahern_0004,0,0,0,1
Jayson_Williams_0003,1,1,1,1
Omar_Sharif_0001,1,1,1,1
George_W_Bush_0135,1,1,1,0
Lleyton_Hewitt_0032,0,1,1,1
John_Howard_0014,1,0,0,0
Chok_Tong_Goh_0001,1,1,1,1
Jude_Law_0001,0,1,0,0
Lara_Logan_0001,0,0,1,1
Leonid_Kuchma_0002,1,1,1,1
Junichiro_Koizumi_0024,0,0,1,1
Bill_Frist_0008,0,1,1,0
George_W_Bush_0296,0,0,0,1
John_Cornyn_0001,1,1,1,1
Pervez_Musharraf_0017,1,1,1,1
Benjamin_McKenzie_0001,1,1,1,1
Minnie_Mendoza_0001,1,1,1,1
Winona_Ryder_0011,0,1,1,0
John_Taylor_0001,1,1,1,1
George_W_Bush_0019,1,1,1,1
Jan_Ullrich_0002,0,0,0,0
Jessica_Lynch_0001,0,0,1,0
Brian_Griese_0001,0,0,0,0
Joe_Lieberman_0008,1,0,1,1
Abdullah_al-Attiyah_0003,0,0,0,0
Jane_Pauley_0002,0,0,0,0
John_Warner_0004,1,1,1,1
Kofi_Annan_0031,1,0,0,0
Thomas_Wyman_0001,0,0,0,0
Lance_Armstrong_0012,0,1,1,0
Norah_Jones_0003,0,1,1,1
Adam_Sandler_0004,1,1,1,1
Richard_Jefferson_0001,1,1,1,1
Colin_Powell_0181,1,1,1,1
Colin_Powell_0165,1,0,0,0
Anjum_Hussain_0001,0,0,0,0
Gary_Forsee_0001,0,0,0,0
Antony_Leung_0004,1,1,1,1
Takashi_Sorimachi_0001,0,0,0,0
Steve_Cutler_0001,1,1,1,1
Ray_Romano_0006,1,1,1,1
Alicia_Hollowell_0001,1,1,1,1
Ilie_Nastase_0001,1,1,1,1
Anneli_Jaatteenmaki_0002,1,1,1,1
Andy_Lau_0001,1,1,1,0
TJ_Ford_0001,1,1,1,1
Kofi_Annan_0010,1,1,1,1
Aleksander_Kwasniewski_0002,1,1,1,1
Lindsay_Davenport_0003,0,1,1,1
Ariel_Sharon_0055,1,1,1,1
Gustavo_Cisneros_0001,1,1,1,1
David_Beckham_0030,1,1,1,1
Alberta_Lee_0001,0,1,1,1
Thor_Pedersen_0001,1,1,1,1
Akbar_Al_Baker_0001,0,0,1,1
George_W_Bush_0428,1,1,1,0
Lindsay_Davenport_0021,0,1,1,1
Renee_Zellweger_0014,1,1,1,0
Rocco_Buttiglione_0001,0,0,0,0
John_Lithgow_0001,1,0,0,0
Francis_Ford_Coppola_0002,1,1,1,1
Julie_Taymor_0002,1,1,1,1
Ben_Lee_0001,1,1,1,1
Minnie_Driver_0001,1,1,1,1
Michael_Schumacher_0009,1,1,1,1
William_Donaldson_0003,0,0,0,0
Jose_Maria_Aznar_0013,1,0,0,0
Tom_Ridge_0032,1,1,1,1
Curtis_Rodriguez_0001,1,1,1,1
Angelo_Reyes_0002,1,1,1,1
Patti_Balgojevich_0001,1,1,1,1
Christopher_Russell_0001,0,0,0,0
Frank_Solich_0004,1,1,1,1
Yves_Brodeur_0001,1,1,1,1
Natalie_Maines_0002,1,1,1,1
Bijan_Namdar_Zangeneh_0001,1,1,1,1
Oprah_Winfrey_0001,1,1,1,1
Colin_Powell_0141,1,1,1,1
Claire_Leger_0002,1,1,1,1
Zhu_Rongji_0007,1,1,1,1
Eileen_Coparropa_0002,1,0,0,0
Hal_Gehman_0004,1,1,1,1
George_W_Bush_0463,1,1,1,1
Jorge_Valdano_0002,1,1,1,1
Craig_Morgan_0001,0,1,1,1
Wen_Jiabao_0002,1,1,1,1
Herb_Ritts_0001,1,1,1,1
Vicente_Fox_0032,0,0,0,1
Serena_Williams_0012,1,1,1,1
Albert_Costa_0006,1,1,1,1
Jose_Manuel_Durao_Barroso_0001,1,1,1,1
Suzie_McConnell_Serio_0001,0,0,0,0
Bob_Holden_0001,1,1,1,1
Natalie_Maines_0004,1,0,1,0
Paddy_Torsney_0001,1,1,1,1
Isaiah_Washington_0002,1,1,1,1
Ximena_Bohorquez_0001,1,1,1,1
Paul_Burrell_0011,0,1,1,1
Junichiro_Koizumi_0015,1,1,1,1
Kareena_Kapoor_0001,1,1,1,1
Joseph_Hoy_0001,1,1,1,1
Alec_Baldwin_0003,1,1,0,0
Sophia_Loren_0001,1,1,1,1
Grant_Hackett_0003,1,1,1,1
Jason_Priestley_0001,0,0,0,0
Rudolph_Giuliani_0008,0,1,1,1
Ariel_Sharon_0076,1,1,1,1
Grant_Hackett_0004,0,1,1,0
Phil_Morris_0001,1,0,0,0
George_W_Bush_0032,0,0,0,1
Magdalena_Maleeva_0002,1,1,1,1
Qais_al-Kazali_0001,1,1,0,0
Bruce_Springsteen_0001,1,1,1,1
Maria_Shriver_0004,1,1,1,1
Rand_Beers_0001,1,1,1,1
Sergey_Lavrov_0011,1,1,1,1
Dale_Bosworth_0001,1,1,1,1
Timbul_Silaen_0001,1,1,1,1
Abdullah_Gul_0010,1,1,1,1
Martha_Burk_0002,0,0,1,1
Glafcos_Clerides_0003,1,1,1,1
Recep_Tayyip_Erdogan_0003,1,1,1,1
Tom_Ridge_0033,1,1,1,1
Lyle_Lovett_0001,1,1,1,1
David_Caruso_0002,1,1,1,1
Emma_Watson_0001,0,1,0,1
Joe_Mantegna_0001,1,1,1,1
Jean-David_Levitte_0005,1,1,1,1
Nicole_Kidman_0005,1,1,1,1
Tony_Bennett_0001,1,1,1,1
Floyd_Mayweather_0001,1,1,1,1
Richie_Adubato_0002,1,1,1,1
George_Robertson_0011,1,1,1,1
Mike_Alden_0001,1,1,1,1
Chris_Simon_0001,0,0,0,0
James_Meeks_0001,1,1,1,1
Johnny_Depp_0001,1,1,1,1
Devin_Harris_0001,1,1,1,1
Guillermo_Coria_0027,1,1,1,1
Vladimir_Putin_0004,1,1,1,1
Winona_Ryder_0010,0,1,1,1
Ann_Veneman_0005,1,0,0,0
Joe_Lieberman_0003,1,1,1,1
Jean_Chretien_0017,1,1,1,1
Michael_Chiklis_0005,1,1,1,1
Kurt_Warner_0005,1,1,1,1
Mathias_Reichhold_0003,0,0,1,1
Pascal_Quignard_0003,0,1,0,0
Gus_Van_Sant_0001,1,1,1,1
Bison_Dele_0001,0,0,0,0
Colin_Powell_0173,1,1,1,1
Angelina_Jolie_0014,0,1,0,0
Eladio_Larez_0001,1,1,1,1
Tony_Blair_0101,0,0,1,1
Raquel_Welch_0001,1,1,1,1
Gordon_Brown_0002,0,0,0,0
Colin_Farrell_0002,1,1,1,1
Tony_Parker_0002,0,1,1,1
Jennifer_Garner_0003,1,1,1,1
Michael_Denzel_0001,1,1,1,1
Sergio_Garcia_0001,1,1,1,1
Sean_OKeefe_0001,0,1,1,1
Rod_Stewart_0003,1,1,1,1
Igor_Ivanov_0020,1,1,1,1
William_Ford_Jr_0003,1,1,1,1
Dany_Heatley_0001,1,1,1,0
Alejandro_Toledo_0020,1,1,1,0
Thaksin_Shinawatra_0005,0,0,0,0
Kim_Hong-up_0001,1,1,1,1
Christian_Wulff_0002,1,1,1,1
Hosni_Mubarak_0002,1,1,1,1
Jim_Hahn_0001,1,1,1,1
Lars_Von_Trier_0001,1,1,1,1
Junichiro_Koizumi_0009,0,1,1,1
Kyoko_Nakayama_0001,1,1,1,1
Wen_Jiabao_0005,1,1,1,1
Alejandro_Atchugarry_0002,1,1,1,1
Heizo_Takenaka_0006,1,1,1,1
Hillary_Clinton_0004,1,1,1,1
Norio_Ohga_0001,1,1,1,1
Andy_Roddick_0004,1,1,1,1
Colin_Powell_0025,1,1,1,1
Gore_Verbinski_0001,1,1,1,1
Jim_Ahern_0001,1,1,1,1
Bob_Stoops_0003,1,1,1,0
Amelie_Mauresmo_0009,1,1,1,1
Darrell_Royal_0001,1,0,0,0
George_W_Bush_0045,1,0,0,1
Ed_Rendell_0001,1,1,1,1
Mike_Bryan_0001,1,1,1,0
Laura_Bush_0005,1,1,1,1
Jay_Leno_0001,1,1,1,1
Amelie_Mauresmo_0012,1,0,0,1
David_McKiernan_0001,1,1,1,1
Priyanka_Chopra_0001,1,1,1,1
Sylvester_Stallone_0008,1,1,1,1
Arianna_Huffington_0004,1,1,1,1
Tony_Blair_0033,0,0,0,1
Bill_Gates_0017,1,1,1,1
Jimmy_Carter_0004,1,1,1,1
Rudolph_Giuliani_0025,1,1,1,1
Miguel_Hakim_0001,1,1,1,1
Saeed_Anwar_0001,1,1,1,1
Donald_Pettit_0001,1,1,1,1
Vidar_Helgesen_0002,0,1,1,1
Mohammed_Al-Douri_0012,0,1,1,1
Carlos_Menem_0007,1,1,1,1
Thomas_OBrien_0009,1,1,1,1
Jiang_Zemin_0001,1,1,0,0
Jack_Straw_0004,1,1,1,0
Atal_Bihari_Vajpayee_0024,0,0,0,1
James_Maguire_0001,1,1,1,1
George_W_Bush_0364,1,1,1,1
George_W_Bush_0332,0,0,0,0
Carson_Palmer_0001,1,1,1,0
Ariel_Sharon_0040,0,0,0,0
Cindy_Taylor_0001,0,0,0,0
Vanessa_Williams_0001,1,1,1,1
Amelie_Mauresmo_0013,1,1,1,1
Bob_Eskridge_0001,0,0,0,1
Gerhard_Schroeder_0087,1,1,1,1
Vicente_Fox_0001,1,1,1,1
George_W_Bush_0253,1,1,1,0
Alvaro_Uribe_0022,0,1,1,1
Lin_Yi-fu_0001,1,1,1,1
Maura_Tierney_0001,1,1,1,1
Gwyneth_Paltrow_0002,1,1,1,1
Askar_Akayev_0001,1,1,1,1
Sadam_Hassan_0001,1,1,1,1
Colin_Powell_0094,1,1,1,1
Silvio_Berlusconi_0015,1,0,1,1
Steve_McManaman_0001,1,1,1,1
Helen_Clark_0002,1,0,0,0
Yoelbi_Quesada_0001,1,0,0,0
Jacques_Chirac_0039,1,1,1,1
Chang_Saio-yue_0001,1,1,1,1
Nicole_Kidman_0017,1,1,1,1
Rick_Pitino_0003,1,1,1,1
Ann_Morgan_0001,0,0,1,1
Jeff_Bridges_0001,1,1,1,1
Rick_Pitino_0001,1,1,1,1
John_Bolton_0010,1,1,1,1
Mitchell_Garabedian_0001,1,1,1,1
Adrian_Nastase_0001,0,0,0,0
Heinz_Feldmann_0001,1,1,1,1
Luiz_Inacio_Lula_da_Silva_0022,1,1,1,1
Jerry_Tarkanian_0001,1,1,1,1
Raja_Qureshi_0001,1,1,0,1
Donald_Rumsfeld_0106,1,0,1,1
Justin_Leonard_0002,1,1,1,1
Vladimir_Putin_0011,1,1,1,1
Ricardo_Lagos_0016,0,0,0,0
John_Ashcroft_0007,1,1,1,1
Lennart_Johansson_0001,1,1,1,1
Walter_Mondale_0007,1,1,1,0
Harold_Brown_0001,0,1,1,1
Coco_dEste_0001,1,1,1,1
GL_Peiris_0003,1,1,1,1
Mick_Jagger_0003,1,1,1,1
Prince_Claus_0003,1,0,1,1
Cesar_Gaviria_0003,0,0,0,1
Miguel_Rosseto_0001,1,1,1,1
Steve_Lavin_0005,1,1,1,1
Robbie_Fowler_0002,0,0,0,0
Roger_Clemens_0001,1,1,1,1
Marcelo_Ebrard_0002,1,1,1,1
David_Heymann_0003,0,0,1,1
Justin_Timberlake_0008,1,1,1,1
Li_Zhaoxing_0002,1,1,1,1
Chan_Gailey_0002,1,1,1,1
Alvaro_Uribe_0009,1,1,1,1
Spike_Lee_0001,1,1,1,1
Gray_Davis_0010,0,1,1,1
Nina_Jacobson_0001,1,1,1,1
Mirela_Manjani_0001,1,1,1,1
Michelle_Kwan_0006,1,1,1,1
David_Beckham_0026,1,1,1,1
Pete_Sampras_0015,1,1,1,1
Nobuyuki_Idei_0001,1,1,1,1
Ozzie_Smith_0001,1,1,1,1
Eduardo_Duhalde_0012,1,1,1,1
Hal_Gehman_0001,1,1,1,1
Robert_Fico_0002,1,1,1,0
George_W_Bush_0218,1,1,1,1
Morgan_Fairchild_0001,1,1,1,1
Hugo_Chavez_0045,1,1,1,1
Pete_Sampras_0022,1,1,1,1
Doris_Roberts_0002,1,1,1,1
Rob_Marshall_0002,1,1,0,1
Nicolas_Massu_0001,1,1,1,1
Brandon_Boyd_0001,1,1,1,1
Ron_Gonzales_0001,1,1,1,1
Michael_Jordan_0001,0,0,0,0
Woody_Allen_0003,0,1,1,0
Gina_Centrello_0001,0,0,0,0
George_W_Bush_0101,1,1,1,1
Lleyton_Hewitt_0005,1,1,1,1
Hank_Bass_0001,1,1,1,1
George_Papandreou_0001,1,1,1,1
Arnold_Scott_0001,1,1,1,0
George_W_Bush_0429,1,1,1,1
Paul_Bremer_0007,0,1,1,0
Queen_Elizabeth_II_0008,1,1,1,1
Tyron_Garner_0002,1,1,1,1
Carmen_Electra_0003,1,1,1,1
Hans_Blix_0018,1,1,1,1
Cori_Enghusen_0001,1,1,1,1
Allyson_Felix_0001,1,1,1,1
Colin_Powell_0045,1,1,1,1
Red_Auerbach_0001,1,1,1,1
Miyako_Miyazaki_0002,1,0,0,0
Andy_Rooney_0001,1,1,1,0
Jennifer_Love_Hewitt_0001,1,1,1,1
Anders_Ebbeson_0003,1,1,1,1
Laura_Bush_0022,1,1,1,1
Cindy_Crawford_0002,1,1,1,1
Jeremy_Greenstock_0012,1,1,1,1
Thomas_Bjorn_0002,1,1,1,1
Vince_Carter_0002,1,1,1,1
Silvio_Berlusconi_0030,1,1,1,1
Dennis_Hastert_0001,0,0,0,0
Britney_Spears_0013,1,1,1,1
Serge_Tchuruk_0001,1,1,1,1
Freddy_Garcia_0002,1,1,1,1
Todd_Robbins_0001,0,0,0,0
Patricia_Johnson_0001,0,0,0,0
Vanessa_Redgrave_0002,0,0,0,1
Charlotte_Church_0001,0,0,0,0
Bernard_Law_0003,1,1,1,1
Jose_Viegas_Filho_0002,1,1,1,1
John_Garamendi_0002,1,1,1,1
Helen_Alvare_0001,1,0,0,0
Mario_Puzo_0001,1,1,1,1
Joy_Bryant_0001,0,0,0,0
Matthew_McConaughey_0001,1,1,1,0
Matthew_Broderick_0003,1,1,1,1
Renee_Zellweger_0010,1,0,0,0
Angela_Lansbury_0001,1,1,1,1
Claudia_Schiffer_0001,1,1,1,1
Alvaro_Uribe_0011,1,1,1,1
Dave_Matthews_0001,1,1,1,1
Michael_Bouchard_0001,1,0,0,1
Amanda_Coetzer_0002,1,1,1,1
Charles_Moose_0004,1,1,1,1
Cindy_Crawford_0001,1,0,0,0
Sonia_Gandhi_0001,1,1,1,1
Jerry_Sloan_0001,1,0,0,0
Jean-David_Levitte_0001,1,1,1,1
Mitsou_Gelinas_0001,1,1,1,1
Mario_Kreutzberger_0002,1,1,1,1
James_Franco_0002,0,0,0,0
Mekhi_Phifer_0001,0,0,0,1
Debra_Messing_0001,0,0,0,0
Enrique_Iglesias_0001,1,1,1,0
Nadia_Petrova_0001,1,1,1,1
Serena_Williams_0007,1,1,1,1
Igor_Ivanov_0013,1,1,1,1
Laura_Linney_0002,1,1,1,1
Michel_Charles_Chretien_0001,1,1,1,1
Julie_Gerberding_0007,1,1,1,1
Glenn_Tilton_0001,1,1,1,1
Tom_Moss_0001,1,0,0,1
Patti_Labelle_0001,0,0,1,0
Alan_Trammell_0001,1,1,1,1
James_Cameron_0003,1,1,1,1
Colin_Powell_0159,1,0,0,0
George_W_Bush_0361,1,1,1,1
Britney_Spears_0011,0,1,1,1
Marwan_Muasher_0001,1,1,1,1
Rita_Wilson_0002,1,1,1,1
Rafael_Vinoly_0001,1,1,1,1
Benjamin_Netanyahu_0004,0,0,0,0
Keanu_Reeves_0009,1,1,1,1
Vadim_Devyatovskiy_0001,1,1,1,1
Lynne_Cheney_0002,0,0,0,1
Bob_Stoops_0005,1,1,1,1
Marcelo_Rios_0005,1,1,1,0
Zoe_Ball_0001,1,1,1,0
Jimmy_Carter_0001,0,0,0,1
Pierce_Brosnan_0009,0,0,0,1
James_McGreevey_0001,1,1,1,1
Joschka_Fischer_0006,0,0,0,0
Guy_Verhofstadt_0001,1,1,1,1
Lisa_Raymond_0002,1,1,1,1
Sheikh_Ahmed_Yassin_0001,1,1,1,1
Jiri_Novak_0007,1,1,1,1
Tom_Daschle_0011,1,0,1,1
John_Burnett_0001,1,1,1,1
Julie_Gerberding_0012,1,1,1,1
James_Carville_0001,1,1,1,1
Stacy_Dragila_0001,1,1,1,0
Kofi_Annan_0024,1,1,1,1
George_W_Bush_0225,1,1,1,1
Queen_Elizabeth_II_0006,0,1,1,1
Arnold_Schwarzenegger_0036,1,1,1,1
Michael_Goldrich_0001,1,1,1,1
Paul_Gascoigne_0002,1,1,1,1
John_Elway_0001,1,1,1,1
Joschka_Fischer_0002,1,1,1,1
Jason_Jennings_0002,0,0,0,0
David_Beckham_0027,1,1,1,1
Jen_Bice_0001,1,1,1,1
Ian_McKellen_0001,1,1,1,1
Alejandro_Toledo_0003,1,1,1,1
Jim_Tressel_0002,1,1,1,1
Porter_Goss_0001,1,1,1,1
Colin_Powell_0030,1,0,1,1
Ben_Affleck_0004,1,1,1,1
Hugo_Chavez_0063,1,1,1,1
Alvaro_Uribe_0001,1,1,1,1
Cecilia_Bolocco_0002,1,1,1,1
Holly_Robinson_Peete_0001,1,1,1,1
Adrian_McPherson_0002,0,1,1,1
Dariusz_Michalczewski_0001,0,0,0,0
Lleyton_Hewitt_0004,1,1,1,1
Jose_Maria_Aznar_0006,1,1,1,1
Richard_Gere_0006,1,1,1,1
Scott_Dalton_0001,0,0,0,0
Alvaro_Uribe_0025,0,0,0,0
Eric_Schacht_0001,0,0,0,0
Angelina_Jolie_0011,1,1,1,1
Don_Siegelman_0003,1,1,1,1
George_HW_Bush_0005,1,1,1,1
Fujio_Cho_0003,1,1,1,1
Michael_Bloomberg_0012,1,1,1,1
Mariano_Zabaleta_0001,0,0,1,0
Carlo_Ancelotti_0001,1,1,1,1
John_Wolf_0002,1,0,1,1
Randall_Terry_0001,1,1,1,1
George_Foreman_0001,0,0,0,0
Yasushi_Chimura_0001,1,1,1,0
George_W_Bush_0367,1,1,1,1
George_W_Bush_0137,1,1,1,1
Tommy_Franks_0001,0,0,0,0
Calbert_Cheaney_0001,0,0,0,0
Tom_Daschle_0023,1,1,1,1
Yukiko_Okudo_0001,1,1,1,0
Megawati_Sukarnoputri_0026,1,1,1,1
Ariel_Sharon_0024,1,0,0,1
Dennis_Kozlowski_0001,1,1,1,1
Serge_Klarsfeld_0001,1,1,1,1
Sebastien_Grosjean_0002,1,1,1,1
Elisabeth_Schumacher_0001,0,0,0,1
Eric_Christian_Olsen_0001,1,1,1,1
Brian_Williams_0001,0,0,0,0
Carla_Del_Ponte_0001,1,1,1,1
Giuseppe_Morchio_0001,1,1,1,1
Rick_Santorum_0002,1,1,1,0
Lee_Jun_0001,0,1,1,1
Luis_Ernesto_Derbez_Bautista_0003,0,0,0,0
Hugo_Chavez_0035,0,0,0,1
Anna_Kournikova_0011,1,1,1,1
Tim_Robbins_0004,0,1,1,1
Gary_Gitnick_0001,0,0,0,1
Andy_Roddick_0005,1,1,1,1
Jon_Corzine_0001,1,1,1,1
Malcolm_Jamal_Warner_0001,0,0,1,1
Gerhard_Schroeder_0021,1,1,1,1
Shaul_Mofaz_0003,1,1,1,1
Aidan_Quinn_0001,0,0,0,0
Hunter_Kemper_0001,0,0,0,1
Michael_Weiss_0001,0,1,1,1
Peter_Costello_0001,1,1,1,1
Junichiro_Koizumi_0047,1,1,1,1
Erika_Christensen_0001,0,0,1,0
Colin_Powell_0218,1,1,1,1
Reggie_Lewis_0001,1,1,1,1
Andrew_Bunner_0002,1,1,1,1
Elizabeth_Taylor_0001,0,0,1,1
Jeong_Se-hyun_0001,0,0,1,1
Jean_Chretien_0019,1,1,1,1
Joan_Jett_0001,1,1,1,1
Reese_Witherspoon_0003,0,0,0,0
Lance_Armstrong_0013,1,1,1,1
Stuart_Townsend_0001,1,1,1,1
Saeed_Mortazavi_0001,1,1,1,1
Ben_Cohen_0001,1,1,1,1
Ahmed_Chalabi_0003,1,1,1,1
Tony_Blair_0105,1,0,0,0
Jennette_Bradley_0001,1,0,0,0
Robert_Zoellick_0001,1,1,1,0
Colin_Powell_0229,1,0,0,0
Carmen_Electra_0004,1,1,1,1
Charles_Richardson_0001,0,0,0,1
Colin_Powell_0120,0,0,0,1
Vladimir_Putin_0006,1,1,1,1
Peter_Struck_0001,1,1,1,1
Brendan_Fraser_0001,0,0,0,0
Alejandro_Toledo_0030,1,1,1,1
Jacques_Chirac_0043,1,1,1,1
Colin_Powell_0130,1,1,1,1
Yoriko_Kawaguchi_0014,1,0,0,1
Jeremy_Fogel_0001,0,0,0,1
Frank_Sinatra_0001,1,1,1,1
Jennifer_Capriati_0022,1,1,1,1
Lawrence_Foley_0001,0,0,0,0
Tom_Harkin_0005,1,1,1,1
Rick_Stansbury_0003,1,1,1,1
Sven_Ottke_0001,1,1,1,1
David_Heyman_0002,0,0,0,0
Muhammad_Ali_0009,1,1,1,1
Vladimir_Putin_0016,1,1,1,1
Bob_Graham_0006,1,1,1,1
Colin_Powell_0179,0,0,1,1
Roger_Federer_0010,1,1,1,1
Mark_Stuart_0001,1,1,1,1
Lori_Berenson_0001,0,0,1,1
Hamid_Karzai_0010,0,0,1,0
Ernie_Eves_0002,1,1,1,1
Chris_Terry_0001,0,0,0,1
Josh_Childress_0001,1,1,1,1
Nick_Nolte_0004,1,1,1,1
Christine_Baumgartner_0001,0,0,0,0
Dudley_Rogers_0001,0,0,0,1
Luiz_Inacio_Lula_da_Silva_0005,0,1,1,1
Colleen_Atwood_0001,1,0,0,1
Jessica_Brungo_0001,1,1,1,1
Cass_Ballenger_0001,1,1,1,1
George_W_Bush_0002,1,1,1,1
Barbara_Walters_0001,0,0,0,0
Rachel_Hunter_0004,1,1,1,0
Tom_Hanks_0002,1,1,1,1
Donald_Rumsfeld_0083,1,1,1,1
Michael_Moore_0001,0,0,1,0
Chakib_Khelil_0001,1,1,1,1
Masum_Turker_0003,0,0,1,0
Leszek_Miller_0002,1,1,1,1
Ricardo_Lopez_Murphy_0002,0,0,1,1
Zahir_Shah_0001,1,1,1,1
Lynne_Cheney_0003,1,1,1,1
Kirsten_Gilham_0001,0,0,0,0
Bode_Miller_0001,1,1,1,1
Bill_Stein_0001,0,0,1,1
Ismail_Khan_0001,1,1,1,1
Jamie_Cooke_0001,0,0,0,0
Meryl_Streep_0008,1,0,0,1
Jose_Maria_Aznar_0014,0,0,0,0
Elijah_Wood_0002,1,1,1,1
Tatyana_Tomashova_0001,1,1,1,1
Luiz_Inacio_Lula_da_Silva_0004,1,1,1,1
Sandra_Banning_0001,1,1,1,1
Jerry_McEntee_0001,1,1,1,1
Joe_Carnahan_0001,1,1,1,1
Jonathan_Arden_0001,1,1,1,1
Ian_Huntley_0001,1,1,1,1
Olivier_Rochus_0001,1,1,1,1
Paulo_Cesar_Pinheiro_0001,1,1,1,1
Daniela_Cicarelli_0001,1,1,1,1
Wolfgang_Schwarz_0001,0,0,0,0
Robbie_Williams_0001,0,1,1,1
Piers_Sellers_0001,1,1,1,0
Bill_Frist_0009,0,0,0,1
Andrew_Niccol_0002,1,0,0,0
Shia_LaBeouf_0002,0,0,0,1
Greg_Hodge_0001,1,0,0,0
Natalie_Coughlin_0003,1,1,1,1
Craig_David_0001,0,0,0,0
Ricardo_Lagos_0022,1,1,1,1
Juan_Carlos_Ferrero_0012,1,1,1,1
Julio_Cesar_Chavez_0001,1,0,0,0
Nestor_Kirchner_0008,0,0,0,0
Scott_McClellan_0001,0,1,1,1
Kim_Jong-Il_0001,1,1,1,1
Junichiro_Koizumi_0039,1,1,1,1
Clint_Eastwood_0003,1,1,1,1
Paul_Bremer_0019,1,1,1,1
Kofi_Annan_0008,1,0,1,0
Ricky_Quick_0001,1,1,1,1
Billy_Gilman_0001,1,1,1,1
Peter_Mansbridge_0001,0,0,0,0
Junichiro_Koizumi_0030,1,1,1,1
Tom_Harkin_0004,1,1,1,1
Tori_Amos_0001,1,0,1,1
Yashwant_Sinha_0003,1,1,1,1
Bob_Alper_0001,0,0,1,1
Suzanne_Gaudet_0002,1,1,1,1
Janet_Thorpe_0001,1,1,1,1
Joe_Nichols_0004,1,1,1,1
Ian_Moran_0001,1,0,1,1
Abdulaziz_Kamilov_0001,0,0,0,0
Kenneth_Dam_0001,1,1,1,1
Aldo_Paredes_0002,1,1,1,1
Gerhard_Schroeder_0011,1,1,1,1
Brian_Heidik_0002,0,0,0,0
Stella_Keitel_0001,1,1,1,1
Mark_Podlesny_0001,1,1,1,1
George_W_Bush_0088,1,1,1,1
Butch_Davis_0001,1,1,1,1
Martin_Scorsese_0004,0,1,0,0
Kim_Jin-sun_0002,0,1,1,1
Dennis_Powell_0001,0,1,0,0
Jose_Rosado_0001,1,1,1,1
David_Collenette_0001,0,1,1,1
Serena_Williams_0050,1,1,1,1
Bill_Graham_0007,1,1,1,1
Stellan_Skarsgard_0001,1,1,1,1
Timothy_Goebel_0001,1,1,1,1
Mohamed_Benaissa_0002,1,1,1,0
Junichiro_Koizumi_0050,1,1,1,1
Ray_Liotta_0001,0,1,1,1
Leander_Paes_0001,0,1,1,1
Gavyn_Arthur_0001,1,1,1,1
George_W_Bush_0275,1,1,1,1
John_Snow_0015,1,1,1,1
Ralf_Schumacher_0007,1,1,1,1
Paulie_Ayala_0001,1,1,1,1
Gloria_Macapagal_Arroyo_0032,1,1,1,1
Hitomi_Soga_0002,1,1,1,1
Tony_Bennett_0003,0,0,0,0
Yashwant_Sinha_0004,0,0,0,0
Jiang_Zemin_0008,0,0,0,0
Nan_Wang_0004,1,1,1,1
Troy_Polamalu_0001,1,1,1,1
Vladimir_Putin_0023,1,1,1,1
Natalya_Sazanovich_0001,1,1,1,0
Mark_Broxmeyer_0001,0,0,1,1
Dean_Sheremet_0001,1,1,1,1
Eduard_Limonov_0001,1,1,1,1
Colin_Powell_0175,0,0,0,1
Gisele_Bundchen_0002,1,1,1,1
Mukhtar_Alytnbayev_0001,1,1,1,1
Andre_Agassi_0001,1,1,1,1
Rudolph_Giuliani_0003,0,1,1,0
Rainer_Schuettler_0001,1,1,1,1
George_W_Bush_0079,1,1,1,1
Vanessa_Laine_0001,1,1,1,1
Alejandro_Gonzalez_Inarritu_0001,1,1,1,1
Yasser_Arafat_0006,1,1,1,1
Christy_Turlington_0001,0,0,0,0
Mitt_Romney_0001,0,0,1,1
Winona_Ryder_0019,1,1,1,1
Jean_Chretien_0039,1,1,1,1
Nicole_0001,1,1,1,1
Kim_Ryong-sung_0006,0,0,0,1
Jennifer_Aniston_0021,1,1,1,1
George_W_Bush_0066,1,1,1,1
Bill_Graham_0001,1,1,1,1
Gordon_Campbell_0002,1,1,1,1
Alexander_Downer_0001,1,1,1,0
George_Gregan_0001,1,1,1,1
Hipolito_Mejia_0002,1,1,1,1
Scott_Dickson_0001,1,1,1,1
Peter_Sejna_0001,1,1,1,1
Tiger_Woods_0006,1,1,1,1
Mohammad_Khatami_0006,1,1,1,1
Colin_Powell_0056,1,1,0,0
Kofi_Annan_0029,1,1,1,1
Hugh_Grant_0008,1,1,1,1
Chuck_Yeager_0002,0,1,1,0
George_W_Bush_0478,1,1,1,1
Jacqueline_Edwards_0001,1,1,1,1
Britney_Spears_0002,1,0,1,1
Mary_Robinson_0001,0,0,0,0
Luiz_Inacio_Lula_da_Silva_0038,1,1,1,0
Ariel_Sharon_0030,1,1,1,1
Fidel_Castro_0008,1,1,1,1
Michael_Bloomberg_0019,1,1,1,1
Brian_StPierre_0001,1,1,1,1
Lleyton_Hewitt_0019,1,1,1,1
Roger_Moore_0003,1,1,1,1
Chip_Burrus_0001,0,0,0,0
Jason_Kidd_0004,1,1,1,1
Andre_Agassi_0012,1,1,1,1
Andre_Agassi_0017,1,1,1,1
Brawley_King_0001,1,1,1,1
Jose_Luis_Rodriguez_Zapatero_0001,0,0,0,0
Norman_Jewison_0001,1,1,1,1
James_Young_0001,1,1,1,1
Richard_Myers_0010,1,1,1,1
Charles_Moose_0002,1,1,1,1
Fidel_Castro_0011,1,1,1,1
Paul_Wolfowitz_0009,1,1,1,1
David_Nalbandian_0010,1,1,1,1
Kenneth_Reichert_0001,1,1,1,1
Sheryl_Crow_0001,0,0,1,1
Bill_Nelson_0001,0,0,0,0
Delphine_Chuillot_0001,1,1,1,1
Julianne_Moore_0007,0,0,0,0
Chip_Ganassi_0001,1,1,1,1
Larry_Hagman_0001,1,1,1,1
Arnold_Palmer_0001,0,0,0,0
George_Clooney_0004,1,1,1,1
Jean_Charest_0012,1,1,1,1
Renee_Zellweger_0001,1,1,1,1
George_W_Bush_0456,1,1,1,1
Thomas_Haeggstroem_0001,1,1,1,1
Guillermo_Canas_0003,1,1,1,1
Colin_Farrell_0006,1,1,1,1
Mike_Martz_0001,1,0,0,1
Jason_Kidd_0009,1,1,1,1
Tiger_Woods_0009,0,0,0,0
Jim_Edmonds_0002,1,1,1,1
Mary_Carey_0004,1,1,1,1
Bill_Clinton_0025,1,1,1,1
Recep_Tayyip_Erdogan_0024,1,0,0,0
Colleen_Donovan_0001,0,0,0,1
Aleksander_Kwasniewski_0004,1,1,1,1
Kurt_Busch_0001,0,0,0,0
Cristina_Saralegui_0001,1,1,1,1
Vladimir_Putin_0041,1,1,1,1
Luiz_Inacio_Lula_da_Silva_0003,1,1,1,1
Frank_Bell_0001,1,0,0,0
Colin_Powell_0234,1,1,1,1
Jiang_Zemin_0010,1,1,1,1
Michael_Schumacher_0004,1,0,0,0
Queen_Beatrix_0001,0,0,0,0
Venus_Williams_0012,1,1,1,1
Hector_Babenco_0001,1,1,1,1
Tiger_Woods_0014,1,1,1,1
Chance_Mock_0001,0,0,0,1
Tara_VanDerveer_0001,0,1,1,1
Melissa_Gilbert_0001,1,1,1,1
Cesar_Gaviria_0006,0,0,1,1
Ariel_Sharon_0014,1,0,0,0
Christiane_Wulff_0001,1,1,1,0
Naomi_Watts_0017,0,0,1,1
Ariel_Sharon_0060,1,1,1,1
Ana_Guevara_0005,1,1,1,1
Bryant_Young_0001,1,1,1,1
Sheryl_Crow_0005,0,1,1,1
Alexander_Losyukov_0001,1,1,1,1
Greg_Hennigar_0001,0,0,1,1
Li_Peng_0008,0,1,1,1
Gerhard_Schroeder_0002,1,1,1,1
Lynne_Thigpen_0001,1,1,1,1
John_Wolf_0001,0,0,0,0
William_Macy_0001,1,1,1,1
Martin_McGuinness_0003,1,0,0,1
Dick_Cheney_0004,1,1,1,1
Didier_Defago_0001,1,1,1,1
Tony_Blair_0056,1,1,1,1
Tom_Daschle_0018,1,1,1,1
Paradorn_Srichaphan_0003,1,1,1,1
Fernando_Gonzalez_0008,1,1,1,0
Ali_Naimi_0002,0,0,0,1
Eddie_Lucio_0001,1,1,1,1
Colin_Powell_0172,1,1,1,1
Jason_Lezak_0001,0,0,0,0
Irina_Lobacheva_0001,0,0,0,0
Colin_Campbell_0001,1,1,1,1
Kate_Winslet_0002,0,1,1,1
Tom_Craddick_0001,1,1,1,1
Michael_Guiler_0001,0,0,0,1
Norah_Jones_0001,0,0,0,0
Carlos_Menem_0012,1,1,1,1
Columba_Bush_0001,0,1,1,1
Mike_Cunning_0001,1,1,1,1
Michelle_Hofland_0001,1,1,1,1
Saddam_Hussein_0007,1,1,1,1
Lorraine_Bracco_0001,1,1,1,1
George_Robertson_0014,1,0,1,1
Gordon_Campbell_0001,1,1,1,1
Doug_Melvin_0002,1,1,1,1
Luca_Cordero_di_Montezemolo_0001,1,1,1,1
Miguel_Estrada_0002,0,0,0,0
Tony_Blair_0124,1,1,1,1
Jennifer_Granholm_0001,1,1,1,1
Emelie_Loit_0001,1,0,1,1
George_W_Bush_0312,1,1,1,1
Scott_Wolf_0001,1,0,0,0
Jen_Schefft_0001,1,1,1,1
Jacqueline_Gold_0001,0,0,1,1
Laura_Bush_0025,1,0,1,0
Eric_Robert_Rudolph_0001,1,1,1,1
Michael_Jackson_0009,1,1,1,1
Junichiro_Koizumi_0044,1,1,1,1
Bill_Clinton_0027,1,1,1,1
Kevin_Spacey_0001,1,1,1,1
George_W_Bush_0350,1,1,1,1
Wolfgang_Clement_0001,1,1,1,1
Miguel_Juarez_Perez_0001,0,0,0,0
Lesley_McCulloch_0002,1,1,1,1
Debra_Messing_0002,1,1,1,1
Enrique_Haroldo_Gorriaran_Merlo_0001,0,0,1,0
Nancy_Pelosi_0008,1,1,1,0
Roh_Moo-hyun_0032,0,1,1,1
Chung_Mong-joon_0001,1,1,1,1
Doris_Roberts_0003,1,1,1,1
George_W_Bush_0487,1,1,1,1
Salman_Khan_0001,1,1,1,1
Bob_Ferguson_0001,1,1,1,1
Donald_Rumsfeld_0038,1,1,1,1
Jan-Michael_Gambill_0001,1,1,1,1
Bill_Rainer_0001,0,1,1,1
Gianna_Angelopoulos-Daskalaki_0002,1,1,1,1
Juanes_0002,1,0,0,0
Carlos_Moya_0013,0,0,0,1
Wayne_Gretzky_0003,1,1,1,1
Sean_Patrick_Thomas_0001,1,0,1,1
James_Franco_0001,1,1,0,0
Nora_Bendijo_0001,0,1,1,1
Colin_Powell_0013,1,1,1,1
Noelle_Bush_0003,1,1,1,1
Pierre_Van_Hooijdonk_0001,0,0,0,0
James_Ivory_0002,1,1,1,1
David_Duval_0001,1,1,1,1
Charles_Taylor_0009,1,1,1,1
Hugo_Chavez_0052,1,1,1,1
George_W_Bush_0177,0,0,0,1
Arnaud_Clement_0002,1,1,1,1
Karen_Allen_0001,1,1,1,1
Eric_Wedge_0001,1,1,1,1
Donald_Rumsfeld_0113,1,1,1,1
Stephane_Rousseau_0001,1,1,1,1
Nestor_Kirchner_0028,1,1,1,1
Ben_Howland_0001,1,1,1,1
Jerry_Oliver_0001,1,1,1,0
Justin_Timberlake_0006,0,0,0,0
Tom_Crean_0002,1,1,1,1
Cesar_Maia_0002,1,1,1,1
Bono_0003,1,1,0,1
Jennifer_Aniston_0006,1,1,1,1
Walter_Mondale_0009,1,1,1,0
Mary_Steenburgen_0002,1,1,1,1
Jean_Chretien_0044,1,1,1,1
Nancy_Pelosi_0006,1,1,1,1
Donald_Anderson_0001,1,1,1,1
George_W_Bush_0054,1,1,1,1
Fernando_Henrique_Cardoso_0008,1,1,1,1
Ainsworth_Dyer_0001,0,0,0,0
Katja_Riemann_0001,1,1,1,1
Michael_Douglas_0004,1,0,0,0
Tony_Blair_0084,0,0,0,0
Larry_Brown_0005,1,1,1,1
Stephane_Delajoux_0001,1,1,1,1
Bulent_Ecevit_0004,1,1,1,1
Raja_Ibrahim_0001,0,1,1,1
Hans-Christian_Schmid_0001,1,1,1,0
Carlos_Moya_0001,0,0,0,0
David_Wells_0001,1,1,1,1
Adolfo_Aguilar_Zinser_0002,1,1,1,1
Marcelo_Salas_0001,1,1,1,1
Jennifer_Capriati_0014,1,1,1,1
Derek_Parra_0001,1,1,1,1
Terrence_Trammell_0001,0,1,1,1
John_Negroponte_0013,1,1,1,1
Sadie_Frost_0001,0,0,0,1
Gray_Davis_0004,1,1,1,1
Bono_0002,1,1,1,1
Vladimir_Putin_0015,1,1,1,1
Brad_Wilk_0001,1,1,1,1
George_W_Bush_0360,0,1,0,0
Luiz_Inacio_Lula_da_Silva_0048,1,1,1,1
Luis_Figo_0004,1,1,1,1
Candace_Sutton_0001,1,1,1,1
Richard_Sambrook_0001,1,1,1,1
Bill_Gates_0008,1,1,1,1
Felipe_Fernandez_0001,0,0,0,1
Larry_Bowa_0001,1,1,1,1
David_Heymann_0001,1,1,1,1
Michael_Hagee_0001,1,1,1,1
Casy_Preslar_0001,1,1,1,1
Guillermo_Coria_0011,1,1,1,1
Warren_Beatty_0002,1,1,1,1
Monique_Garbrecht-Enfeldt_0001,1,1,1,0
Luis_Ernesto_Derbez_Bautista_0005,1,1,1,1
Michael_Moore_0002,0,0,0,1
Abel_Pacheco_0003,0,0,0,1
Lina_Krasnoroutskaya_0001,1,1,0,0
Michael_Caine_0002,1,1,1,1
John_Negroponte_0015,1,1,1,1
Gerhard_Schroeder_0063,1,1,1,1
Judy_Locy_0001,1,1,1,0
Rudolph_Holton_0001,0,1,1,1
Phan_Van_Khai_0003,1,1,1,1
Jules_Asner_0001,0,0,0,0
Jonathan_Mostow_0001,1,1,1,1
Dominique_de_Villepin_0006,1,1,1,1
Dennis_Franchione_0001,1,1,1,1
Vladimir_Putin_0036,1,0,0,0
Pauley_Perrette_0001,0,0,0,1
Tsutomu_Takebe_0002,1,1,1,1
Eric_Hinske_0001,1,1,1,1
Venus_Williams_0004,1,1,1,1
Richard_Armitage_0006,1,0,1,1
Shigeo_Nagashima_0001,1,1,1,1
Luis_Ernesto_Derbez_Bautista_0002,0,0,1,1
Scott_McClellan_0004,0,1,1,1
Alexander_Downer_0004,1,1,1,1
George_W_Bush_0041,1,1,1,1
Gerrit_Zalm_0001,1,1,1,1
Jose_Canseco_Sr_0001,1,0,1,1
Thad_Matta_0001,1,1,1,1
James_Ballenger_0001,1,1,1,1
James_Wolfensohn_0002,1,0,0,0
Dick_Cheney_0002,0,1,1,0
Samuel_Waksal_0003,0,0,0,0
Serena_Williams_0028,1,1,1,1
Pete_Rose_0002,1,1,1,1
Cynthia_Nixon_0001,0,0,0,0
Ramiro_Goben_Reducindo_0001,0,0,0,1
Ernie_Els_0001,1,0,0,1
Eva_Dimas_0002,0,0,0,1
William_Rosenberg_0001,0,0,0,1
Chuck_Eidson_0001,1,1,1,1
Richard_Tubb_0001,0,0,0,1
Lindsay_Davenport_0006,1,1,1,1
Ricardo_Lagos_0021,0,0,0,1
Atal_Bihari_Vajpayee_0023,1,1,1,1
Giulio_Andreotti_0001,1,0,1,1
Fidel_Castro_0006,1,1,1,1
George_Robertson_0013,0,1,1,1
Raul_Mondesi_0001,1,1,1,1
Tony_Blair_0022,1,0,0,1
Anna_Chicherova_0001,1,1,1,1
Norah_Jones_0012,0,1,0,0
Gilberto_Rodriguez_Orejuela_0003,1,1,1,1
Jayson_Williams_0001,1,1,1,1
Colin_Powell_0011,1,1,1,0
Flavia_Pennetta_0001,1,1,1,1
Steve_Mariucci_0001,1,1,1,1
Junichiro_Koizumi_0021,1,1,1,1
Jeremy_Greenstock_0017,1,1,1,1
Paul_Sarbanes_0003,1,1,1,1
Bill_Parcells_0001,1,1,1,1
Rupert_Grint_0002,1,1,1,1
Vicente_Fox_0025,1,1,1,1
Fann_Wong_0001,1,1,1,1
Jennifer_Capriati_0018,1,1,1,1
Laurie_Pirtle_0001,1,1,1,1
Maria_Luisa_Mendonca_0002,0,1,1,1
Kurt_Warner_0001,1,1,1,1
Richard_Jewell_0001,1,1,1,1
Fredric_Seaman_0001,1,0,1,1
Steve_Nash_0005,1,1,1,1
Leslie_Wiser_Jr_0001,1,1,1,1
Donald_Rumsfeld_0037,1,1,1,1
Laura_Bush_0040,1,0,0,0
Alejandro_Avila_0001,0,0,0,0
Kim_Clijsters_0003,1,0,0,1
Jennifer_Murray_0001,0,0,0,0
Clare_Short_0004,1,1,1,1
Sheila_Taormina_0001,1,0,0,1
John_Paul_II_0009,1,1,1,0
Sam_Mendes_0002,0,0,0,0
Chloe_Sevigny_0001,0,1,1,1
Gloria_Macapagal_Arroyo_0001,0,0,0,0
